,SampleID,50.0,51.0,52.0,53.0,54.0,55.0,56.0,57.0,58.0,59.0,60.0,61.0,62.0,63.0,64.0,65.0,66.0,67.0,68.0,69.0,70.0,71.0,72.0,73.0,74.0,75.0,76.0,77.0,78.0,79.0,80.0,81.0,82.0,83.0,84.0,85.0,86.0,87.0,88.0,89.0,90.0,91.0,92.0,93.0,94.0,95.0,96.0,97.0,98.0,99.0,100.0,101.0,102.0,103.0,104.0,105.0,106.0,107.0,108.0,109.0,110.0,111.0,112.0,113.0,114.0,115.0,116.0,117.0,118.0,119.0,120.0,121.0,122.0,123.0,124.0,125.0,126.0,127.0,128.0,129.0,130.0,131.0,132.0,133.0,134.0,135.0,136.0,137.0,138.0,139.0,140.0,141.0,142.0,143.0,144.0,145.0,146.0,147.0,148.0,149.0,150.0,151.0,152.0,153.0,154.0,155.0,156.0,157.0,158.0,159.0,160.0,161.0,162.0,163.0,164.0,165.0,166.0,167.0,168.0,169.0,170.0,171.0,172.0,173.0,174.0,175.0,176.0,177.0,178.0,179.0,180.0,181.0,182.0,183.0,184.0,185.0,186.0,187.0,188.0,189.0,190.0,191.0,192.0,193.0,194.0,195.0,196.0,197.0,198.0,199.0,200.0,201.0,202.0,203.0,204.0,205.0,206.0,207.0,208.0,209.0,210.0,211.0,212.0,213.0,214.0,215.0,216.0,217.0,218.0,219.0,220.0,221.0,222.0,223.0,224.0,225.0,226.0,227.0,228.0,229.0,230.0,231.0,232.0,233.0,234.0,235.0,236.0,237.0,238.0,239.0,240.0,241.0,242.0,243.0,244.0,245.0,246.0,247.0,248.0,249.0,250.0,251.0,252.0,253.0,254.0,255.0,256.0,257.0,258.0,259.0,260.0,261.0,262.0,263.0,264.0,265.0,266.0,267.0,268.0,269.0,270.0,271.0,272.0,273.0,274.0,275.0,276.0,277.0,278.0,279.0,280.0,281.0,282.0,283.0,284.0,285.0,286.0,287.0,288.0,289.0,290.0,291.0,292.0,293.0,294.0,295.0,296.0,297.0,298.0,299.0,300.0,301.0,302.0,303.0,304.0,305.0,306.0,307.0,308.0,309.0,310.0,311.0,312.0,313.0,314.0,315.0,316.0,317.0,318.0,319.0,320.0,321.0,322.0,323.0,324.0,325.0,326.0,327.0,328.0,329.0,330.0,331.0,332.0,333.0,334.0,335.0,336.0,337.0,338.0,339.0,340.0,341.0,342.0,343.0,344.0,345.0,346.0,347.0,348.0,349.0,350.0
2,UCAB01,0.0,0.0,0.0,0.0,0.0,0.0,0.0,0.0,0.0,0.0,0.0,0.0,0.0,0.0,0.0,0.0,0.0,0.0,0.0,0.0,0.0,0.0,0.0,0.0,0.0,0.0,0.0,0.0,0.0,0.0003098190257576,0.000377441442649,0.0003955008418188,0.0003421252842725,0.00028975302668,0.0002885490667353,0.0003035985660435,0.0003357041645676,0.0003728262628611,0.0004041292214221,0.0004906136774464,0.0006259588412246,0.0007117409872812,0.000708329767438,0.0006155245217043,0.0005281370957215,0.0005180037661873,0.0005261304958137,0.0005953581926313,0.0006728129490707,0.0007750492143709,0.0008950438888548,0.0010160418632925,0.0010610900312216,0.0010095204135923,0.000942700636664,0.0009158121979001,0.0009608603658292,0.0010226636429881,0.0010854702201009,0.0012112840343172,0.0013763268767302,0.0015272231897935,0.0015373565193277,0.0014240839545348,0.0012993737702677,0.0013538529577633,0.0014647176026669,0.0015877221770124,0.0016976838519574,0.0019168045618844,0.0023347793226701,0.0029455883345913,0.0034113201731816,0.0033334640967606,0.0027505468235573,0.0023004664642475,0.0022774908953037,0.0025569099324588,0.0028165639605225,0.0032389532411053,0.0038158507145853,0.0047896536498196,0.0060284281028731,0.0070744686347866,0.0073162639236713,0.0066947196022437,0.0062350075633767,0.0064091804353699,0.0071565385710139,0.0083219717974389,0.0095063673929922,0.0104442521898777,0.0108374454418026,0.010979813705258,0.0110686057511762,0.0111695377265364,0.0112057568548714,0.0113935746062374,0.0119138859623187,0.0126262289295723,0.0135402351875554,0.0143420725106949,0.0151175230450475,0.0152750411378064,0.0153303229652651,0.0158643795307145,0.0170023223384032,0.0183905884845846,0.0197841721205216,0.021106220469747,0.0219322373217751,0.0225940139713532,0.0238532557434658,0.0262988997110396,0.0293658873400502,0.0316597320246021,0.0318618969653086,0.0305048334476928,0.0286824394114683,0.0264607319936002,0.0241219394711144,0.0217475298002661,0.0200719185472939,0.0191061420116907,0.0185120881089993,0.0179762256036329,0.0169617890202666,0.0158245485225455,0.0144128051574433,0.0129456796348871,0.0115380497995959,0.0102099816506471,0.0090114395257441,0.0082021777829458,0.0075227430541795,0.0070327313567053,0.0066613097137795,0.0063171778295993,0.0059656215257603,0.0054890540476681,0.0049045314945386,0.0044168273869584,0.0039523998383081,0.0035634204461895,0.0032604238601183,0.0030228424310399,0.0028781665776906,0.0027285745545674,0.0026117904399359,0.0024355106380395,0.0022252189677066,0.0020239569969587,0.0018286144959385,0.0016991888018882,0.0015567202084375,0.0014497684333541,0.001349639097957,0.0012813143710979,0.0011746635860007,0.0011248999082883,0.001044635911978,0.0009444062465856,0.0008828036294175,0.0008136762625953,0.0007395323960036,0.0006570611397948,0.0006213436614368,0.0005764961534984,0.0005529186045823,0.0005251271958599,0.0004889080675248,0.0004438598995957,0.0004130585910116,0.0003779430926259,0.0003540645537236,0.0003274771049458,0.0003005886661819,0.0002873451067907,0.0002665767977454,0.000258450068119,0.0002279497495211,0.0002071814404758,0.0001926335911446,0.0001809953116796,0.0001674507623022,0.0001552105028649,0.000151598623031,0.0001456791533031,0.0001346428538104,0.0001310309739765,0.0001286230540871,0.000117988074576,0.0001120686048482,0.0001090587049865,0.0001158811446729,0.000103239565254,0.0001109649748989,9.89253754524005e-05,0.0,0.0,0.0,0.0,0.0,0.0,0.0,0.0,0.0,0.0,0.0,0.0,0.0,0.0,0.0,0.0,0.0,0.0,0.0,0.0,0.0,0.0,0.0,0.0,0.0,0.0,0.0,0.0,0.0,0.0,0.0,0.0,0.0,0.0,0.0,0.0,0.0,0.0,0.0,0.0,0.0,0.0,0.0,0.0,0.0,0.0,0.0,0.0,0.0,0.0,0.0,0.0,0.0,0.0,0.0,0.0,0.0,0.0,0.0,0.0,0.0,0.0,0.0,0.0,0.0,0.0,0.0,0.0,0.0,0.0,0.0,0.0,0.0,0.0,0.0,0.0,0.0,0.0,0.0,0.0,0.0,0.0,0.0,0.0,0.0,0.0,0.0,0.0,0.0,0.0,0.0,0.0,0.0,0.0,0.0,0.0,0.0,0.0,0.0,0.0,0.0,0.0,0.0
3,HACAAA01,0.0,0.0,0.0,0.0,0.0,0.0,0.0,0.0,0.0,0.0,0.0,0.0,0.0,0.0,0.0,0.0,0.0,0.0,0.0,0.0,0.0,0.0,0.0,4.10100329468295e-06,5.25769653164481e-06,4.94223473974612e-06,4.62677294784744e-06,0.0002780269925933,0.0003292369568115,0.0004054735565204,0.0004903327785411,0.000498114169408,0.0004306053459417,0.000377502610972,0.0003769768413189,0.0004044220172141,0.0004481660523574,0.0004836029269806,0.0005318685811411,0.0006374431274966,0.0007797163956429,0.0008806641690505,0.0008871837127497,0.0007581598398631,0.0006618388394034,0.0006502719070338,0.0006792943918885,0.0007559516073198,0.0008460685258722,0.0010059025004342,0.0011164192815294,0.0011917094958626,0.001228828833376,0.0012066413540124,0.0011504891550545,0.0011097945838995,0.0011168398972519,0.0012006475799664,0.0012665790944732,0.0013804608013486,0.0015512307846964,0.0016740505756757,0.0016217890721511,0.0015173712190326,0.0013679474836033,0.0014127430580529,0.0014711034895542,0.0015826718099557,0.001721790460183,0.0019112778431835,0.002259442507509,0.0027965687851818,0.0031545127650562,0.003068917465521,0.0025660713692345,0.0021927749154877,0.0021919336840427,0.0024170682495277,0.0026559779799256,0.0029729119268532,0.0035368524568374,0.0043711437424788,0.0054887197172452,0.0065496177234005,0.0068096633938557,0.0063012441392456,0.0059134364430715,0.0061321566187879,0.0069437346554126,0.0080836032634732,0.0092973950847687,0.0101964611916801,0.0104308493030608,0.0103342128408091,0.0104875272716719,0.0105879492754263,0.0106867939702212,0.0109881651354151,0.0115046812426839,0.0121182544279269,0.0127870334267521,0.0135546571203722,0.0141209110368304,0.014125327501917,0.0139772707675858,0.0144511995329483,0.0154695101971973,0.0169099087390067,0.018430539729889,0.0198431776340113,0.0206594875975145,0.0214461441525792,0.022566769591334,0.024745138418325,0.0278243609690482,0.0303208204362037,0.0307812894984452,0.0297041977869724,0.0282200552100197,0.0262319098435436,0.024141344548631,0.0221543558753917,0.020608067325435,0.0195781897288164,0.0192346518374388,0.0187572529923654,0.0180382104146977,0.016967112477271,0.0155134645402018,0.0139304772684542,0.0123624218548564,0.0110502059544885,0.0098423027533084,0.0088597444254746,0.0081290297615066,0.0076610947701902,0.0073501545973088,0.0070296454167397,0.0065803226711453,0.0060451943181545,0.0054463426832002,0.0049387646600352,0.0044038466149057,0.0039851236631255,0.0036419012335397,0.0034438963821579,0.0032525162284061,0.0031465210663281,0.0029582955304952,0.0028126573365687,0.0026211720288862,0.0023655428235176,0.0021548143465293,0.0019737392779794,0.001838090707463,0.0017421903227258,0.0016134819116311,0.0015146372168362,0.0014461820079942,0.0013686835611177,0.0012993871208307,0.0011721508647648,0.001083611255172,0.0009959128770241,0.0009288246692803,0.0008449118326353,0.0007913884819431,0.0007480650625224,0.0007206198866272,0.0006770861593452,0.0006250349636819,0.0005870743947234,0.0005568952166318,0.0005123099500434,0.0004562629050161,0.000434811503167,0.0004197744910865,0.0003951684713184,0.0003753995323594,0.0003569975944986,0.0003363874240946,0.0003194576412627,0.0002901196946161,0.0002767651454257,0.0002567858986055,0.0002381736528835,0.0002406973472187,0.0002273427980283,0.0002135676331154,0.0002020007007457,0.0002070480894161,0.000203367701844,0.0001952708491852,0.0001872791504571,0.0001778152967002,0.0001774998349083,0.000170980291209,0.000179287451729,0.0001551020476835,0.0001610958217295,0.0001631989003422,0.0001656174407468,0.0001395392659498,3.04946398835399e-06,1.89277075139213e-06,2.8391561270882e-06,0.0,0.0,0.0,0.0,0.0,0.0,0.0,0.0,0.0,0.0,0.0,0.0,0.0,0.0,0.0,0.0,0.0,0.0,0.0,0.0,0.0,0.0,0.0,0.0,0.0,0.0,0.0,0.0,0.0,0.0,0.0,0.0,0.0,0.0,0.0,0.0,0.0,0.0,0.0,0.0,0.0,0.0,0.0,0.0,0.0,0.0,0.0,0.0,0.0,0.0,0.0,0.0,0.0,0.0,0.0,0.0,0.0,0.0,0.0,0.0,0.0,0.0,0.0,0.0,0.0,0.0,0.0,0.0,0.0,0.0,0.0,0.0,0.0,0.0,0.0,0.0,0.0,0.0,0.0,0.0,0.0,0.0,0.0,0.0,0.0,0.0,0.0,0.0,0.0,0.0,0.0,0.0,0.0,0.0,0.0
4,HMAAAA05,0.0,0.0,0.0,0.0,0.0,0.0,0.0,0.0,0.0,0.0,0.0,0.0,0.0,0.0,0.0,0.0,0.0,0.0,0.0,0.0001395993285959,0.0001365181889155,0.0001369922104048,0.000248742776505,0.000255734593472,0.0002805022162874,0.0002790801518196,0.0002949598717108,0.0003083509787832,0.0003480502785113,0.0004036292981306,0.0004440396300925,0.0004701108120035,0.0004287524370629,0.0003924897931322,0.0004020887282904,0.0004029182658966,0.0004449876730711,0.0004456987053051,0.0004925083273725,0.0005623079916704,0.0006838945036734,0.0007581973721196,0.000775973177968,0.0006876866755877,0.0006401660212864,0.0006075770438977,0.0006213236670871,0.0006537941391035,0.0007097286748397,0.0008128283487603,0.0009013518618853,0.0009719810637895,0.0009830020634155,0.0009802764398521,0.0009328742909231,0.0009205497322015,0.0009502945806545,0.001010376804422,0.0010773323397842,0.0011996298840211,0.0014132950703187,0.0015793210969426,0.0015615452910942,0.0014233680269661,0.0013237050088428,0.0013510797498493,0.0014124655327124,0.0015227940343447,0.0016559940728353,0.0019044998385956,0.0023301711359782,0.0029479396418957,0.0033531095098665,0.0032488247822226,0.0027122324563461,0.0023324227380524,0.0022777917614117,0.0024258049714425,0.002676562339277,0.0030000820057176,0.0035135657839912,0.0043066037355737,0.0053614200546167,0.0063069744203783,0.0064632830064718,0.0059544209377187,0.0055291051564531,0.0057311568162631,0.0064149328145642,0.0075741523666233,0.0087462890042657,0.0096578323281707,0.0100140594773723,0.0099051530402079,0.0101023459797526,0.0102214438789368,0.0101960837292598,0.0104163852164074,0.0108510629220865,0.0114940730723087,0.0121969284355537,0.0130335763641509,0.0136650914932578,0.0136874890086267,0.0133452454933592,0.0136162672798609,0.0143867892107021,0.0155033468287251,0.0168072614403901,0.0181413949219974,0.0191187087275415,0.0198356662300929,0.0207054956629404,0.0224988374622975,0.0248205947168409,0.0269201543982795,0.0275645866129695,0.0271984050124928,0.0263080741502335,0.0249891093562836,0.0233555127988172,0.0219307227073832,0.0207623782416552,0.0201574083159486,0.0198991851096578,0.019545091057158,0.018951734657939,0.0178469090717759,0.0165674065668093,0.0150146306732669,0.0136575071494291,0.0123949509127047,0.0112614470264395,0.0102518997596237,0.0095275949239882,0.0090899545840011,0.0086939096296991,0.0082464333438092,0.0078309535084463,0.0072381896360889,0.0065788257444863,0.0060432999669607,0.0054245834180646,0.0049196320265982,0.0045914906506371,0.0043503322179607,0.0041076332154441,0.0038901758572323,0.0037587533993266,0.0034954344620259,0.0032745404480166,0.0030088514032695,0.0027636637879341,0.0025447843652544,0.0023487764794329,0.0022002892479127,0.0020719479296874,0.0019542720949711,0.001845128647062,0.0017813727567525,0.0016434325033691,0.0015149726797714,0.0014012075223418,0.0013047441492712,0.0011941786368943,0.0011231939188731,0.0010512611578733,0.0009848981493727,0.0009167575602872,0.0008775322820484,0.0008319077137042,0.0007865201561047,0.0007328372224426,0.0006654076655911,0.0006242863013951,0.0005753435826259,0.0005474948201301,0.0005152613588584,0.0005036478323708,0.0004735474678009,0.000446409737539,0.0004318335767433,0.000402681255152,0.0003676036649445,0.0003572936975524,0.0003241121933021,0.0003151057850056,0.0003097730432511,0.000303136742401,0.0002795541733088,0.0002749324637883,0.0002572751633122,0.0002539570128872,0.00025206092693,0.0002454246260799,0.0002426990025165,0.0002308484652843,0.0002131911648082,0.000208332444543,0.0002024071759269,0.0002093989928939,0.0002099915197555,0.0002035922296501,0.0001992075308742,0.0002041847565117,0.0002038292403947,0.0001968374234277,0.0001998000577358,0.0001964819073107,0.0001970744341723,0.0002058438317242,0.0001875940043865,0.0001199274367904,0.0001181498562055,0.0001193349099288,0.0001108025231215,0.0,0.0,0.0,0.0,0.0,0.0,0.0,0.0,0.0,0.0,0.0,0.0,0.0,0.0,0.0,0.0,0.0,0.0,0.0,0.0,0.0,0.0,0.0,0.0,0.0,0.0,0.0,0.0,0.0,0.0,0.0,0.0,0.0,0.0,0.0,0.0,0.0,0.0,0.0,0.0,0.0,0.0,0.0,0.0,0.0,0.0,0.0,0.0,0.0,0.0,0.0,0.0,0.0,0.0,0.0,0.0,0.0,0.0,0.0,0.0,0.0,0.0,0.0,0.0,0.0,0.0,0.0,0.0,0.0,0.0,0.0,0.0,0.0,0.0,0.0,0.0,0.0,0.0,0.0,0.0,0.0,0.0,0.0,0.0,0.0
5,YCAB67,0.0,0.0,0.0,0.0,0.0,0.0,0.0,0.0,0.0,0.0,0.0,0.0,0.0,0.0,0.0,0.0,0.0,0.0,0.0,0.0,0.0,0.0,0.0,0.0,0.0,0.0,0.0,0.0002087759225846,0.000249986178103,0.0002740538755407,0.0003753198477786,0.000383266729008,0.000331498474142,0.0002975539386048,0.0003041384973378,0.0003073172498296,0.0003380830328749,0.0003730493102845,0.0004173247914199,0.0004883926149859,0.0005786464803773,0.0006459679170781,0.0006458543902034,0.0005590063310532,0.000485667969993,0.0004718176912788,0.0004975882918371,0.0005330086767455,0.0006226949077633,0.0007235067725024,0.0008151229603903,0.0008834661389634,0.0009029927614129,0.0008945917726846,0.0008374877547074,0.0008286326584803,0.0008385094965798,0.0008958405683064,0.0009462465006759,0.0010803217397039,0.0012204139030914,0.001323723359074,0.0013251992084452,0.0011907833887931,0.0011480972839035,0.001163763992613,0.0012109911724908,0.0012825131035557,0.0014347526425366,0.0016051564814706,0.0019367684824874,0.0023701005632408,0.0027122705636053,0.0026114586988662,0.0021886846174604,0.0018639977558007,0.0018535532833277,0.0020135126497887,0.0021900469399568,0.0024828327498241,0.0029215005936887,0.0036241184212453,0.0045554929013348,0.0053733405067181,0.0055573675706168,0.0051068929317827,0.004760976544553,0.0049229793947587,0.0056017565786269,0.0065809258729677,0.0076738490957641,0.0085349504404104,0.008918784803792,0.0089235529325297,0.0090767006865083,0.0092256479461228,0.0093490516589284,0.0095552164633949,0.0100876575057669,0.0107069466072891,0.011446914776624,0.0122504579957943,0.0128669089254488,0.0129989406807321,0.0128829162147824,0.0131923904752314,0.0141026489566256,0.0154155872626025,0.0168159412621032,0.0181101476337537,0.0193133054518898,0.0201161675098118,0.0211801413795581,0.0230136004060629,0.0256810278541593,0.0281510320671416,0.0289066669451859,0.0286001443834793,0.0279371474351952,0.0266758638572095,0.0250304053352182,0.0233613332232879,0.021938273848846,0.0214288787620394,0.0212189675707077,0.0209644403176164,0.0204171272546579,0.019492110279552,0.01804782137954,0.0165390492146949,0.0149481971194372,0.0134254611490032,0.0120698367381368,0.0110051817071422,0.0102196892610502,0.0096512601993963,0.0093596096582761,0.0089075456431961,0.0084441289406455,0.0078812626958523,0.0071187026784509,0.0064814763307251,0.0058640036591982,0.0053766327860846,0.0048966411598268,0.0046409786379885,0.0044176712754415,0.0042432939958928,0.0040232789127122,0.0038215416563593,0.0035584998876651,0.0032628759059302,0.002980534568536,0.00270852417674,0.0025384609184301,0.0023334313827107,0.0022180880780093,0.0021302182769867,0.001979795168001,0.0018990775600849,0.0017575095473263,0.0016442097263695,0.0014981006386227,0.0013790109470559,0.001251066159262,0.0011568388532559,0.0010924691152975,0.0010198119154856,0.0009745146924778,0.0008942511920605,0.0008453211090622,0.0007954828110661,0.0007262314174954,0.0006642457439058,0.0006095257902974,0.0005764894697579,0.0005263105911378,0.0005001994099554,0.0004690930462859,0.0004382137363658,0.0003991604914669,0.0003644212678068,0.0003406941509932,0.0003195781522978,0.0002902882186236,0.0002572518980842,0.00025112144685,0.0002350006306417,0.0002241020506699,0.0002035536863481,0.0001936768482487,0.0001766478170428,0.0001735825914257,0.000159959366461,0.0001602999470851,0.0001520124852315,0.0001434979696286,0.0001421356471321,0.0001346428734015,0.0001222684440585,0.0001180679496944,0.0001165921003232,0.0001140945090797,0.0001104616490891,0.0001126186597085,0.0001044447247296,8.86644891455252e-05,8.11717154149175e-05,8.92321235190561e-05,7.75388554243197e-05,0.0,0.0,0.0,0.0,0.0,0.0,0.0,0.0,0.0,0.0,0.0,0.0,0.0,0.0,0.0,0.0,0.0,0.0,0.0,0.0,0.0,0.0,0.0,0.0,0.0,0.0,0.0,0.0,0.0,0.0,0.0,0.0,0.0,0.0,0.0,0.0,0.0,0.0,0.0,0.0,0.0,0.0,0.0,0.0,0.0,0.0,0.0,0.0,0.0,0.0,0.0,0.0,0.0,0.0,0.0,0.0,0.0,0.0,0.0,0.0,0.0,0.0,0.0,0.0,0.0,0.0,0.0,0.0,0.0,0.0,0.0,0.0,0.0,0.0,0.0,0.0,0.0,0.0,0.0,0.0,0.0,0.0,0.0,0.0,0.0,0.0,0.0,0.0,0.0,0.0,0.0
8,QHAB51,0.0,0.0,0.0,0.0,0.0,0.0,7.44747045121718e-05,8.3741142400783e-05,0.0001045620275332,0.0001309885355859,0.0002641506800593,0.0002474482117662,0.0002247969191496,0.0002580874552679,0.0002360081649901,0.0002291441369245,0.0002436729963301,0.0002668962912855,0.0002951532068224,0.0003349645696031,0.0003688271080602,0.0003604758739137,0.0003394261878457,0.0003496078294764,0.0003710007169477,0.000393308808161,0.0004109264801961,0.0004469626275407,0.0005271573554409,0.0006396130152496,0.0007430310381053,0.000769457546158,0.0006559722821394,0.0005877896033541,0.0005914504183224,0.0006201649357303,0.0006796531789659,0.0007463486516703,0.0008147601313912,0.0010268585986194,0.0012791116300316,0.0013842456599036,0.0013353966601698,0.0011530423145594,0.000984988027419,0.000942431053412,0.0010134737438914,0.0010719323829171,0.0012229410003611,0.0014257730297007,0.0016221986328457,0.0017940281354222,0.0017571911848033,0.0016908389135021,0.0015550455582702,0.0014997901323418,0.0015169502025059,0.0016408459090907,0.0017714912432734,0.0020057834012471,0.0023336551418491,0.0025240175202028,0.00247562612234,0.0022058698193605,0.00196425603145,0.0020166514456844,0.0021437503653664,0.0023176390763626,0.0024716221059684,0.0027857657904391,0.003327337604818,0.0040501197601296,0.0045403257644839,0.0043816523156999,0.0037130959821068,0.0032592693265004,0.0033250495954627,0.0036141395774939,0.0040100795964134,0.0044245524911102,0.0051333777893551,0.0061840316852687,0.0074239039548584,0.0084596857899632,0.0084897731129843,0.0078737265940933,0.0072596248831542,0.007478587378448,0.0082295120488288,0.0093650510918209,0.0105366262821575,0.0112885805567482,0.0114866077664418,0.0115052550426868,0.0116047834496386,0.0115531888386785,0.011378041722537,0.0114877517711194,0.0118850645956521,0.012470566189651,0.0130746006594272,0.0137481906136018,0.01433117539731,0.0143290017884225,0.014148592250764,0.0143835708115443,0.0150975441308384,0.0162230159326675,0.0172899146950032,0.0184398681969331,0.0190904636570878,0.0196271162513529,0.0204248307130478,0.022008133186855,0.0239531699397212,0.0256031678862329,0.0260572233427748,0.0255097027040724,0.0244795264918879,0.0232795799855466,0.021556937742007,0.0199921681439771,0.0187167173289138,0.0179244940896714,0.0174070607739901,0.0170153535723777,0.0163923286249533,0.0153904093283057,0.0140891040075285,0.0128590701781661,0.0115317959512073,0.0103464927047394,0.0092138136734413,0.0083866982915319,0.0076837074171428,0.0071382459868601,0.0069020090209344,0.0064342255082612,0.0061104721844986,0.0055877764473003,0.0051202217355626,0.0046032460217523,0.0041331744997238,0.0037452425135475,0.0034359036487228,0.0032235763805591,0.0030516324775148,0.0028882686095526,0.002757165673499,0.0026000938312636,0.0024044690313929,0.0022149074563136,0.001996745764294,0.0018300642827668,0.0017331670865735,0.0015964585275996,0.0015076837646173,0.0014349250671216,0.0013730344140631,0.0013003901170351,0.0011902224665816,0.0011036213124868,0.0010261721958128,0.0009609639291893,0.0008517114824779,0.0008128153234392,0.0007597335063983,0.0007231253567149,0.0006771363686751,0.00063755380683,0.0005967128398394,0.0005733751444162,0.0005207509292464,0.0004812827678689,0.0004457042223954,0.0004078376675666,0.0003809535576429,0.0003777503445456,0.0003454894126371,0.0003310749536992,0.0003158596914871,0.0002972124152421,0.0002717011109315,0.0002525962328154,0.0002378385724743,0.0002249113196174,0.0002146152775189,0.000217932891084,0.0001990568139035,0.0001875023666596,0.0001823543456104,0.0001778927273677,0.0001777783269,0.0001686262894791,0.0001551270342834,0.0001577582450419,0.0001449453926527,0.0001479198048144,0.0001417421795554,0.0001432293856363,0.0001387677673936,0.0001378525636515,0.0001362509571029,0.000135221352893,0.0001395685706679,0.0001303021327793,0.000121378896294,0.0001233237042459,0.0001265269173432,0.0001253829126656,0.0001208068939552,0.0001195484888098,0.0001343061491509,0.0001089092453081,5.54842268639068e-05,6.2577055865066e-05,5.29674165731729e-05,0.0,0.0,0.0,0.0,0.0,0.0,0.0,0.0,0.0,0.0,0.0,0.0,0.0,0.0,0.0,0.0,0.0,0.0,0.0,0.0,0.0,0.0,0.0,0.0,0.0,0.0,0.0,0.0,0.0,0.0,0.0,0.0,0.0,0.0,0.0,0.0,0.0,0.0,0.0,0.0,0.0,0.0,0.0,0.0,0.0,0.0,0.0,0.0,0.0,0.0,0.0,0.0,0.0,0.0,0.0,0.0,0.0,0.0,0.0,0.0,0.0,0.0,0.0,0.0,0.0,0.0,0.0,0.0,0.0,0.0,0.0,0.0,0.0,0.0,0.0,0.0,0.0,0.0,0.0,0.0,0.0,0.0,0.0,0.0
42,MLAA85,0.0,0.0,0.0,0.0,0.0,0.0,0.0,0.0,0.0,0.0,0.0,0.0,0.0,0.0,0.0,0.0,0.0,0.0,0.0,0.0,0.0,0.0,0.0,0.0,0.0,0.0,0.0,0.0,0.0,0.0,0.0,0.0,0.0,0.0,0.0,0.0001380966437709,0.0001546171775554,0.0001688849112783,0.0001920136585765,0.0002695099806927,0.0003589461431349,0.0004251033716081,0.0004281071050235,0.0003712614501379,0.0003042031016401,0.0002844535544341,0.0002871569145079,0.0003213243821076,0.0003895842239715,0.0004861542532752,0.0005656780954467,0.0006047266298464,0.0006123110567201,0.0005894826827634,0.0005641011354037,0.0005381188413608,0.0005547144684807,0.0005876804427142,0.000660220604695,0.0007594189007371,0.000916664345031,0.0010252493079961,0.0010335846682237,0.0008931601310558,0.0007980919684598,0.0008053760219921,0.0008622216768777,0.0009262011986248,0.0010189414678239,0.0011971379526898,0.0015360341752773,0.0019918507210574,0.0023234628901126,0.0022534008081995,0.0018095241027454,0.0014592136931796,0.0014006408915801,0.0014984875075853,0.0016477730583285,0.0018695987710525,0.0022757786221439,0.0029265374665806,0.0038365185047625,0.0047683517035411,0.0050082749100926,0.0045177652433651,0.0040841763248585,0.0042363905156817,0.0049377622681671,0.0060736991525191,0.0072425269177692,0.0081400424622774,0.0084859974583909,0.0084617423110619,0.0086409150092879,0.0090403364601947,0.0092133515049192,0.0093778059094099,0.0097397557859602,0.0102891386276287,0.0110399217947968,0.0118709046441548,0.0125706243432618,0.0127093968270513,0.0124231410325679,0.0127869682425028,0.0138424050713233,0.0153770875665637,0.016959679609779,0.0186060258947352,0.0196209874157838,0.0202013838049658,0.0209824295862935,0.0229121030256532,0.0257330592626841,0.0286132641413329,0.0301518514900132,0.0303357550683684,0.0295366868865485,0.0282206761839459,0.0263060214116631,0.0243274622109686,0.0227931551824051,0.0218740127573064,0.0214080586112494,0.0212351937531957,0.02087024014323,0.0200982806554837,0.0188298791275146,0.0172975245256711,0.015616785493109,0.0140312648098137,0.0126153048778153,0.0115523587154564,0.0107740162942025,0.0102362729195185,0.0099704425122595,0.0096282421829152,0.009246167292482,0.0086349075424572,0.0078347129606065,0.0071391233949456,0.0064215314820172,0.0058341514126445,0.0052984355580159,0.0049480500551147,0.0047282518624461,0.0045652242313277,0.0044311826276674,0.004199294408002,0.0039642522682505,0.0036478840462782,0.0033237812107613,0.0029961489884815,0.002741357301524,0.0025512960696673,0.0023999829988688,0.0022696209686424,0.0021579571789266,0.0020571819228414,0.0019591851201654,0.0018029158892316,0.0016634675654237,0.0015056964677822,0.0013562607303682,0.0012338585936925,0.0011487778447026,0.0011125077637122,0.0010428211484759,0.0009840230668703,0.0009179409317325,0.0008658261569761,0.0007811959679985,0.0007088810860238,0.0006545886045413,0.000581973349225,0.0005356407612932,0.0005106346806103,0.000484352013226,0.0004556663591093,0.0004217992648512,0.0003826756371162,0.0003577446497688,0.0003322880090736,0.000298721288157,0.0002791970209572,0.0002491596868037,0.0002378956864961,0.0002286592062439,0.0002166442725825,0.0002054553656103,0.0001953177653334,0.0001883340851427,0.0001726395780475,0.0001558186709215,0.0001505621374446,0.000138697390454,0.0001362944037217,0.0001313382435864,0.0001306624035679,0.0001311880569156,0.0001267575501279,0.0001818009649643,0.000115418456485,0.0,0.0,0.0,0.0,0.0,0.0,0.0,0.0,0.0,0.0,0.0,0.0,0.0,0.0,0.0,0.0,0.0,0.0,0.0,0.0,0.0,0.0,0.0,0.0,0.0,0.0,0.0,0.0,0.0,0.0,0.0,0.0,0.0,0.0,0.0,0.0,0.0,0.0,0.0,0.0,0.0,0.0,0.0,0.0,0.0,0.0,0.0,0.0,0.0,0.0,0.0,0.0,0.0,0.0,0.0,0.0,0.0,0.0,0.0,0.0,0.0,0.0,0.0,0.0,0.0,0.0,0.0,0.0,0.0,0.0,0.0,0.0,0.0,0.0,0.0,0.0,0.0,0.0,0.0,0.0,0.0,0.0,0.0,0.0,0.0,0.0,0.0,0.0,0.0,0.0,0.0,0.0,0.0,0.0,0.0,0.0,0.0
45,UCAA21,0.0,0.0,0.0,0.0,0.0,0.0,0.0,0.0,0.0,0.0,0.0,0.0,0.0,0.0,0.0,0.0,0.0,0.0,0.0,0.0,0.0,0.0,0.0,0.0,0.0,0.0,0.0,0.0,0.0,0.0,0.0,0.0,0.0,0.0,7.14870579640473e-06,6.19976254909437e-06,8.47722634263924e-06,7.5915459784829e-06,0.0002378051777759,0.0003299791985313,0.0004265816211075,0.0005046480189196,0.000499903302683,0.0004158901938545,0.0003555374033256,0.0003427583009285,0.0003583842330675,0.0003996948957671,0.0004644760881168,0.0005763881284163,0.0006614134433753,0.0007291047283501,0.0007546629331443,0.0007230314915673,0.0006790637877752,0.0006666642626771,0.0006772924270469,0.0007313821921436,0.0007978714823385,0.0009146547646408,0.0010857176006893,0.0012142677792583,0.0012105352691522,0.0010705977716155,0.0009957577808443,0.0009944925231812,0.0010535800560471,0.0011341137063021,0.0012489991021099,0.0014323982003734,0.0017673119037908,0.0022424161562775,0.0025808725811515,0.0024724399994255,0.0020166941891839,0.0017146139221235,0.0016809580682855,0.0018345603485835,0.0020230204774993,0.0022895470042272,0.0027344748614495,0.0034939457737136,0.0045377200828718,0.0054762882173449,0.0057616038203696,0.0053312896891559,0.0050369274938402,0.0053270510759846,0.006204950105513,0.0074068816225563,0.0086863101714632,0.0096045076575608,0.0099144957850155,0.0100210304802469,0.0102996402176572,0.0106567591930617,0.0107967599534815,0.011138695836929,0.0115240933211034,0.0121226234586236,0.012749179053381,0.0135407875102873,0.0142338956581228,0.0142387669001257,0.0141107228246219,0.0147222851160719,0.0161232416635178,0.0178465226006334,0.0195202054373562,0.0208941487336953,0.0218639054695634,0.022517221263895,0.0236357723009413,0.0259023548785837,0.0293971863326614,0.0327211447393402,0.0338517157241857,0.0332037772749222,0.0315526792874853,0.0292280846459907,0.0269110815504746,0.0244113119855265,0.0225760557452282,0.0213233241330122,0.0206611515350391,0.0201616278096549,0.0194166440976331,0.0180995108703663,0.0165690552011042,0.0147186791317321,0.0129891984320674,0.0114449514542777,0.010101564130502,0.0091050471950597,0.0083067328725391,0.007897611807182,0.0074220647145132,0.0070558991468177,0.0066586715034936,0.0060583700052451,0.0054141008032045,0.0048276538763667,0.0042710670303776,0.0037976076128529,0.0034549758376907,0.0031976224290201,0.0030553442048067,0.0028908607086062,0.0027633227361677,0.0026169956874325,0.0024294845017639,0.0022075583076596,0.0019967031181073,0.0018148855919226,0.001652806085282,0.0014862349139374,0.0014153804848049,0.0013155516551879,0.0012588681118819,0.0011875075796841,0.0010976110227223,0.0010061961565647,0.0009354682531985,0.0008233664242496,0.0007514365261034,0.0006721681335115,0.0006137132294771,0.00057505960787,0.0005373549295102,0.0005253982445941,0.000491679127873,0.0004454339602874,0.0003996948957671,0.0003566128723392,0.0003271956316726,0.000295753978745,0.000277660794163,0.000250584280173,0.0002388173839064,0.0002278096422376,0.0002169284263351,0.0002054778444842,0.0001838419384455,0.0001585367851839,0.0001579041563524,0.000142974115928,0.0001296256475825,0.0001230463077345,0.0001229830448514,0.0001161506534707,0.0001181750657317,0.0001467066260341,0.0001036878654894,4.11208740501157e-06,5.31408218493803e-06,3.28966992400926e-06,0.0,0.0,0.0,0.0,0.0,0.0,0.0,0.0,0.0,0.0,0.0,0.0,0.0,0.0,0.0,0.0,0.0,0.0,0.0,0.0,0.0,0.0,0.0,0.0,0.0,0.0,0.0,0.0,0.0,0.0,0.0,0.0,0.0,0.0,0.0,0.0,0.0,0.0,0.0,0.0,0.0,0.0,0.0,0.0,0.0,0.0,0.0,0.0,0.0,0.0,0.0,0.0,0.0,0.0,0.0,0.0,0.0,0.0,0.0,0.0,0.0,0.0,0.0,0.0,0.0,0.0,0.0,0.0,0.0,0.0,0.0,0.0,0.0,0.0,0.0,0.0,0.0,0.0,0.0,0.0,0.0,0.0,0.0,0.0,0.0,0.0,0.0,0.0,0.0,0.0,0.0,0.0,0.0,0.0,0.0,0.0,0.0,0.0,0.0,0.0,0.0,0.0,0.0,0.0,0.0
50,UCAA78,0.0,0.0,0.0,0.0,0.0,0.0,0.0,0.0,0.0,0.0,0.0,0.0,0.0,0.0,0.0,0.0,0.0,0.0,0.0,0.0,0.0,0.0,0.0,0.0,0.0,0.0,0.0,0.0,0.0,0.0,0.0,0.0,0.0,0.0,0.0,0.0,0.0,3.78036303025146e-06,4.84151756505889e-06,5.77002778301539e-06,0.000371470409341,0.0004468787034707,0.0004419045415888,0.0003832757535407,0.0003055461838661,0.0002894298993687,0.0003079337815694,0.0003463343112977,0.0004018459578998,0.0005067012903705,0.0005799872754306,0.000643324936727,0.0006458451787471,0.0006384170970035,0.0006093679916131,0.0005744825362813,0.0005805841748565,0.0006434575810438,0.0006998977378639,0.0008084007890479,0.0009767264271318,0.0010875507538607,0.0010844999345731,0.0009405145286315,0.000862188059531,0.0008704783293342,0.0009317600037193,0.0009958272087583,0.0011126205297455,0.0012769668383238,0.0015876861505471,0.0020570480657242,0.0023344073322594,0.0022611876693577,0.0018218696919475,0.0014909221214044,0.0014554397666468,0.0015778704711002,0.0017171470037936,0.0019632685337105,0.0023617320615307,0.003047967434759,0.0039731615447942,0.0048535218757339,0.0051020310033541,0.0047031032204249,0.0043148533050022,0.0046039515935788,0.0053203635488907,0.0064660125135322,0.007713200702723,0.008534070057555,0.008850824686195,0.0089105146287779,0.009207637898524,0.0095535079547128,0.0096802495994639,0.010023201480682,0.0103745762760201,0.0109899132618915,0.0117161408966504,0.0125153229056772,0.0131742335496342,0.0132172766304523,0.0131741672274758,0.0136100364526479,0.0149454994347031,0.016639301038731,0.0183746866360917,0.0198707818858533,0.0208086435281478,0.0215162346363891,0.0224087319223206,0.0246652107184301,0.0281201309172878,0.0314213826750738,0.0329867182582316,0.0326389911816068,0.0313192465510985,0.0293647988644585,0.0270081736091265,0.0248709420538659,0.0230695659088719,0.0221195009894271,0.0215702208733474,0.0213041363737445,0.0208732413104542,0.0196549695823369,0.0181952188753924,0.0163765989692077,0.0145128799952938,0.0129023790222482,0.011458412989009,0.0103703979800393,0.0096824382306919,0.0091708291005979,0.0087595653962016,0.0083891561413953,0.0078836486498765,0.0072972281250785,0.0065867188418665,0.0058478236748484,0.0052150439613111,0.0047133831549808,0.0043077568340507,0.0040305965339907,0.0038196257480393,0.0036770331074245,0.0034984275347848,0.0033079502957868,0.0030892198172997,0.0028633265457025,0.0025647441884711,0.0023464779650929,0.0021272832314967,0.0019646612990375,0.0018552297376355,0.0017779644230698,0.0016770220979462,0.0015716361882082,0.0014817033413833,0.0013615939124747,0.001233194213763,0.0011289357807182,0.0010189736420488,0.0009171028067073,0.0008661010668781,0.0008077375674637,0.0007677453059331,0.0007171414990545,0.0006774145261576,0.000612153522267,0.0005618813261805,0.0005130682175793,0.0004706883583455,0.0004183601753478,0.0003887141705316,0.0003635117503299,0.0003469312107236,0.0003347942557317,0.0003068726270346,0.0002843230931699,0.0002578605519582,0.0002410147237181,0.0002160112699917,0.0002017520059302,0.0001887528628788,0.0001790035055903,0.0001716417460051,0.0001549948842403,0.0001601680125974,0.0001551938507155,0.0001526736086954,0.0001751568204016,0.0001266090004342,2.98449712914589e-06,3.05081928757135e-06,3.18346360442228e-06,2.18863122804032e-06,0.0,0.0,0.0,0.0,0.0,0.0,0.0,0.0,0.0,0.0,0.0,0.0,0.0,0.0,0.0,0.0,0.0,0.0,0.0,0.0,0.0,0.0,0.0,0.0,0.0,0.0,0.0,0.0,0.0,0.0,0.0,0.0,0.0,0.0,0.0,0.0,0.0,0.0,0.0,0.0,0.0,0.0,0.0,0.0,0.0,0.0,0.0,0.0,0.0,0.0,0.0,0.0,0.0,0.0,0.0,0.0,0.0,0.0,0.0,0.0,0.0,0.0,0.0,0.0,0.0,0.0,0.0,0.0,0.0,0.0,0.0,0.0,0.0,0.0,0.0,0.0,0.0,0.0,0.0,0.0,0.0,0.0,0.0,0.0,0.0,0.0,0.0,0.0,0.0,0.0,0.0,0.0,0.0,0.0,0.0,0.0,0.0,0.0,0.0,0.0,0.0,0.0
38,HMAAAA28,0.0,0.0,0.0,0.0,0.0,0.0,0.0,0.0,0.0,0.0,0.0,0.0,0.0,0.0,0.0,0.0,0.0,0.0,0.0,0.0,0.0,0.0,0.0,0.0,0.0,0.0,0.0,0.0,0.0,0.0,0.0,1.60607417252047e-05,1.40531490095541e-05,1.08266607165443e-05,2.02910263760399e-05,0.0001674188925372,0.0001732265714647,0.0001853438274984,0.0002216238958598,0.0002728175101089,0.0003318980957409,0.0003894729868362,0.0004168622874568,0.0003637327802319,0.0003386378712863,0.0003199959389267,0.0003316112967815,0.0003605779916788,0.0004088319165942,0.0004754409749099,0.0005517294981046,0.0006109534832163,0.000631889807251,0.0006221386426321,0.0006044288068905,0.0005888699633442,0.0006220669428923,0.0006680981758725,0.0007225182784146,0.0008236866113354,0.0009769806551233,0.0010981532154608,0.0011162932496415,0.0010139777208832,0.000969738981399,0.0009668709918052,0.0010663185309698,0.0011677019631102,0.001253168053005,0.0014448214576098,0.0018289886636975,0.0023876730365671,0.0028186601727734,0.0027646702686704,0.0022477151443903,0.0019202624325197,0.0018411776194711,0.0020012831385442,0.0021833287780098,0.0024748599202182,0.0029463574094367,0.0037187070070435,0.0048421702306695,0.0059388894513335,0.0062615382806345,0.0058207999798093,0.0053834315667569,0.0056218332017404,0.0063594801252623,0.007455840847227,0.0086763855186027,0.0095512657441873,0.0099771621988646,0.0101000555529584,0.0103322193105755,0.0106715741792602,0.010829528706138,0.011111595482687,0.0116372262754882,0.0121822159980475,0.0128278004556088,0.0134913098481313,0.01405967368588,0.0141489398619866,0.0139981553090933,0.0144323689335926,0.0154783247384465,0.0170712061588356,0.0187238134625152,0.0201681330219461,0.0211828994399677,0.0219520225492814,0.0228760170966596,0.024822736733182,0.0280620592796241,0.0308980707894399,0.0321083623980179,0.0316006565401778,0.0302406558748042,0.0282553617782453,0.0259691438735584,0.0238577299346127,0.0220523304853241,0.0209145273137291,0.0203073739167245,0.019772637256963,0.0193161967131118,0.0182161076046752,0.01668603515639,0.0150205935992782,0.0133254683498706,0.0118546198866972,0.0105367069686124,0.0095323370128683,0.0087944749901269,0.0082294810401509,0.0078602990796908,0.0074986455919143,0.0070319519852654,0.0064638032467363,0.0058456797895354,0.0052360886013761,0.0046678681631071,0.0041751475508946,0.0038303435019816,0.0035844133943144,0.0033893901019369,0.0032554549879071,0.0030788585286697,0.0029042696621479,0.0027125445578033,0.0024798789020073,0.0022596890009444,0.0020544126457691,0.001900760103282,0.0017551379316575,0.001643644836199,0.0015736658901106,0.0014651124839858,0.0013863144698965,0.0012745345754787,0.0011855551983315,0.0010956437245663,0.000993758394247,0.000911590492385,0.0008352302694504,0.000768979709834,0.000727895758903,0.0006807173300852,0.0006524676325864,0.0006056477024678,0.0005622693598618,0.000502615176311,0.0004824675494147,0.0004190132796522,0.0003944919686253,0.0003670309682648,0.0003412907616606,0.0003268074142119,0.000316626051154,0.0003071616854945,0.0002862970611997,0.0002716703142714,0.0002439942146913,0.0002229861909169,0.0002133784257777,0.0001963138876946,0.0001942345952391,0.000181830540246,0.0001731548717248,0.0001797512477905,0.0001738718691233,0.0001713623782287,0.0001631169081466,0.0001606791169918,0.0001796078483108,0.0001314256231352,1.39814492697095e-05,1.60607417252047e-05,1.07549609766996e-05,0.0,0.0,0.0,0.0,0.0,0.0,0.0,0.0,0.0,0.0,0.0,0.0,0.0,0.0,0.0,0.0,0.0,0.0,0.0,0.0,0.0,0.0,0.0,0.0,0.0,0.0,0.0,0.0,0.0,0.0,0.0,0.0,0.0,0.0,0.0,0.0,0.0,0.0,0.0,0.0,0.0,0.0,0.0,0.0,0.0,0.0,0.0,0.0,0.0,0.0,0.0,0.0,0.0,0.0,0.0,0.0,0.0,0.0,0.0,0.0,0.0,0.0,0.0,0.0,0.0,0.0,0.0,0.0,0.0,0.0,0.0,0.0,0.0,0.0,0.0,0.0,0.0,0.0,0.0,0.0,0.0,0.0,0.0,0.0,0.0,0.0,0.0,0.0,0.0,0.0,0.0,0.0,0.0,0.0,0.0,0.0,0.0,0.0,0.0,0.0,0.0
40,HMAAAA19,0.0,0.0,0.0,0.0,0.0,0.0,0.0,0.0,0.0,0.0,0.0,0.0,0.0,0.0,0.0,0.0,0.0,0.0,0.0,0.0,0.0,0.0,0.0,0.0,0.0,0.0,0.0,0.0,0.0,0.0,0.0,0.0,0.0,0.0,0.0,0.0001507111512383,0.0001637897543452,0.0001772194608912,0.0002010944947507,0.0002605187518202,0.0003487334908968,0.0004103521444608,0.0004177253166821,0.0003625143008819,0.0003092343539968,0.0002884314752295,0.0003125698366684,0.000330476112063,0.0003798939211179,0.00047381409108,0.000555972295832,0.0005995968981415,0.0006228575009826,0.0005937159155364,0.0005666809507249,0.0005600099853818,0.0005686997954998,0.0005997724498611,0.0006568267587166,0.00078576949673,0.0009160288726402,0.0010604201619745,0.0010594546275169,0.0009249820103375,0.0008436137883235,0.0008375572539989,0.0009126933899686,0.000953596940625,0.0010391784039083,0.0012198211233308,0.0015549493559621,0.0020531651360604,0.0024058485406473,0.0023530074730611,0.0018983285194126,0.0015373064081468,0.0014762144097415,0.0015697834762646,0.0017458618509787,0.0019738157588214,0.0024121684025513,0.0030452079032681,0.0040482226529481,0.0049590727498614,0.0052049329330988,0.004743231910668,0.0042982960774548,0.0045029016065966,0.005230914587593,0.0063674364199948,0.007608850404831,0.0084193726940184,0.0086697972219642,0.0085897456378469,0.0088099752700292,0.0090996356072957,0.0091962768289109,0.0095123576999705,0.0099648422571246,0.0106244778433541,0.0112411032582926,0.0120128286174582,0.0126410404458873,0.0125480858103827,0.012345411350156,0.012724076409237,0.013948198549697,0.0156116388683445,0.0173290613407552,0.0188167743881276,0.0198295322582429,0.0204453676904433,0.0212874892891507,0.0233543474593365,0.0267127396302916,0.0298947900989532,0.0312294220468734,0.0311048681018488,0.0301283616618217,0.0281610413166239,0.0260881266121134,0.0239558754263932,0.0222683845221667,0.0213026745128923,0.0208992566613539,0.0208247349564026,0.0204868856721182,0.0197342954503841,0.0183876382096744,0.0167797600102663,0.0150294215904389,0.0135003661131111,0.0120785727364317,0.011016660384841,0.0102797820420071,0.0098193976574729,0.0094478424430339,0.0092126031388296,0.008817962873269,0.0082339023023081,0.007512121407356,0.0067799829609501,0.0060690862726104,0.0055146939422543,0.0051038151426348,0.0047721979443946,0.0045737367254372,0.0044095080917931,0.0043177823183254,0.0040868440312503,0.0038216731588618,0.0034953225122083,0.0031891603133036,0.0029040643207456,0.0026754082060246,0.002504684158757,0.002344756542242,0.0022554884928481,0.0021649915814172,0.0020369266020016,0.0019023662089623,0.0017900131084469,0.0016265744575408,0.0014795498924131,0.001341390689123,0.0012393073642015,0.0011655756419882,0.0010901761784391,0.0010421627831407,0.0009648322506766,0.0009058468729059,0.0008582723569064,0.0008072745823756,0.0007131788606939,0.0006287384835877,0.0006017035187762,0.0005405237445111,0.0004973380215005,0.0004760084875745,0.0004627543327481,0.0004309794715085,0.0004020134377819,0.0003677808524686,0.0003410969910961,0.0003122187332293,0.0002910647510228,0.000262976475894,0.00024480687292,0.000235327080064,0.0002244428734516,0.0002184741149867,0.0002097843048687,0.0001922291329131,0.0001812571504409,0.0001644041853636,0.0001640530819245,0.0001530810994523,0.0001529055477327,0.000146497909969,0.0001422846686996,0.0001465856858287,0.0001501844960796,0.000198987874116,0.0001300838241905,0.0,0.0,0.0,0.0,0.0,0.0,0.0,0.0,0.0,0.0,0.0,0.0,0.0,0.0,0.0,0.0,0.0,0.0,0.0,0.0,0.0,0.0,0.0,0.0,0.0,0.0,0.0,0.0,0.0,0.0,0.0,0.0,0.0,0.0,0.0,0.0,0.0,0.0,0.0,0.0,0.0,0.0,0.0,0.0,0.0,0.0,0.0,0.0,0.0,0.0,0.0,0.0,0.0,0.0,0.0,0.0,0.0,0.0,0.0,0.0,0.0,0.0,0.0,0.0,0.0,0.0,0.0,0.0,0.0,0.0,0.0,0.0,0.0,0.0,0.0,0.0,0.0,0.0,0.0,0.0,0.0,0.0,0.0,0.0,0.0,0.0,0.0,0.0,0.0,0.0,0.0,0.0,0.0,0.0,0.0,0.0,0.0
41,HMAAAA09,0.0,0.0,0.0,0.0,0.0,0.0,0.0,0.0,0.0,0.0,0.0,0.0,0.0,0.0,0.0,0.0,0.0,0.0,0.0,0.0,0.0,0.0,0.0,0.0,0.0,0.0,0.0,0.0,0.0,0.0,0.0,0.0,0.0,0.0,0.0,0.0,3.61127730638109e-05,3.69134997392834e-05,4.0596842446457e-05,6.3737843367613e-05,0.0002353335699213,0.0002787329557319,0.0002860195684787,0.0002596756608557,0.0002238831784621,0.0002087494442956,0.0002242835417998,0.0002486256327342,0.0002973098146029,0.0003530403912158,0.0004059684244645,0.0004318318960823,0.0004498482462804,0.0004552931876736,0.0004424014881985,0.0004197409232826,0.0004327126954253,0.0004722685931936,0.0005207926297273,0.0005842902550923,0.0006839807261886,0.0007763845845381,0.0007858331593087,0.0006955912629829,0.0006312929109425,0.0006431436657395,0.0007050398377535,0.0007575675076645,0.0008369195212038,0.0009733633467044,0.0012302364641959,0.0015920047761744,0.0018606485757955,0.0018256568200773,0.0014857483463392,0.0012379234402805,0.0011742656695804,0.0012593829151831,0.0013881397645991,0.0015811949660555,0.001951290835459,0.0025361415992241,0.0033732212657631,0.0042087795516186,0.004423774663983,0.0040423885484554,0.0036766166030996,0.0038716736212447,0.0045260274604409,0.0056451230620813,0.0067615762656926,0.007646859678095,0.0079163042043915,0.0079293560492017,0.0081803037892948,0.0084679248111245,0.0085372677412205,0.0087420135521388,0.0092266133361348,0.0098058590131716,0.0105146622662999,0.0113928192112906,0.0121020228277566,0.0121527888989816,0.0119787109197339,0.0123486466438022,0.0134104102154788,0.0150602274576223,0.0168154203302581,0.0183671485546563,0.0196685696203018,0.0202553421280881,0.0212156536299823,0.0231345150350846,0.0262072235795429,0.0292499849463385,0.0309536110210738,0.0311965514944122,0.0305200175263055,0.0290662181743176,0.0271327034710541,0.0248971546658023,0.0233855428478453,0.0223973660576446,0.0221629132870663,0.0220473684277956,0.0218314124434207,0.0211624053060634,0.0196862656798298,0.0180612709646258,0.0163771025481045,0.0146204683674528,0.0132118299999616,0.0120342813510117,0.0112228249380878,0.010779222359876,0.0104421965021696,0.0101861241113535,0.009844694256932,0.0091566298246985,0.0083426911590806,0.0075531746570647,0.0067642186637217,0.0060691879094115,0.0055688138099087,0.0052363520942525,0.0050003779429908,0.0048392717358857,0.0046772847294376,0.0044611685997276,0.0041576931897235,0.0038185053699933,0.0034757142802235,0.0031378876958417,0.0028626779374818,0.0026339903989668,0.0024712827385108,0.0023515741005277,0.0022511629754234,0.0021248083060338,0.0020012561800084,0.0018427923709324,0.001671837225719,0.0015246636627672,0.0013632371649919,0.0012361618415944,0.0011588917174113,0.001080420503215,0.0010307754493357,0.0009652760072821,0.0009169921887511,0.0008392416285627,0.0007703791344721,0.0006884647955712,0.000620242882821,0.0005580264201368,0.0005234350277563,0.0004854805833389,0.0004512094816287,0.0004312713874095,0.0004066090058049,0.0003727382674324,0.0003391077470626,0.0003198903068512,0.0002919449458772,0.0002620778408821,0.0002368549506047,0.0002216411437707,0.0002113117696571,0.0002057867555964,0.0002038650115753,0.0001854482980394,0.0001777613219549,0.000165350058485,0.0001515775596669,0.0001454119642658,0.0001351626628197,0.0001285166314133,0.0001290771400861,0.0001281963407431,0.0001546203210337,0.0001057759938299,3.40308837075823e-05,4.90845452064658e-05,2.83457243117274e-05,0.0,0.0,0.0,0.0,0.0,0.0,0.0,0.0,0.0,0.0,0.0,0.0,0.0,0.0,0.0,0.0,0.0,0.0,0.0,0.0,0.0,0.0,0.0,0.0,0.0,0.0,0.0,0.0,0.0,0.0,0.0,0.0,0.0,0.0,0.0,0.0,0.0,0.0,0.0,0.0,0.0,0.0,0.0,0.0,0.0,0.0,0.0,0.0,0.0,0.0,0.0,0.0,0.0,0.0,0.0,0.0,0.0,0.0,0.0,0.0,0.0,0.0,0.0,0.0,0.0,0.0,0.0,0.0,0.0,0.0,0.0,0.0,0.0,0.0,0.0,0.0,0.0,0.0,0.0,0.0,0.0,0.0,0.0,0.0,0.0,0.0,0.0,0.0,0.0,0.0,0.0,0.0,0.0,0.0,0.0,0.0
44,ZTKL06A,0.0,0.0,0.0,0.0,0.0,0.0,0.0,0.0,0.0,0.0,0.0,0.0,0.0,0.0,0.0,0.0,0.0,0.0,0.0,0.0,0.0,0.0,0.0,0.0,0.0,0.0,1.47838852234344e-05,1.55723591020176e-05,1.92519038687391e-05,8.13442218071637e-05,0.0002348338035046,0.0002471208547792,0.0002117052363995,0.0001929132756266,0.0001937017495052,0.0001967242327065,0.0002158447242621,0.0002379219928624,0.0002898298565358,0.0003775475755282,0.0005114567225742,0.000598977323097,0.0006031168109595,0.0005051489315456,0.0004111891276811,0.0003730795568829,0.0003833297173045,0.0004283384345403,0.0005024549791271,0.0006274280888825,0.0007630455959988,0.000878162782272,0.0008608820630997,0.000815413402768,0.000750495720098,0.0007012818088431,0.0007060783582712,0.0007680392638965,0.0008656129063712,0.0010735071856909,0.0013603802651821,0.0016396971366702,0.0016543496095805,0.0013904736848814,0.0012214774502384,0.0012286394213022,0.0013065012168123,0.0013902765664117,0.0015718226769555,0.0018980537442193,0.0025077411708337,0.0033154012471291,0.0038877675768239,0.0037396001938068,0.0029294432835626,0.0023117397058493,0.0021778962649598,0.0022993869484181,0.0025449965615968,0.0028972472668538,0.0035489866336594,0.0044967979418729,0.0058687424906076,0.0072092137903555,0.0074894505480353,0.0066395414130792,0.0058927909439044,0.0059837939707242,0.0067900085115755,0.0081939519585494,0.0097894288518624,0.0109363298144182,0.0112447545132573,0.0111900212848524,0.011320053768662,0.0115374754406813,0.0113893737638208,0.011360528761096,0.0116375459171048,0.0121463086872606,0.0127488998489678,0.0135170705251775,0.0141934497006887,0.0141575741392132,0.0139154469523316,0.0141988376055257,0.0152283216663292,0.0166733971673025,0.0182890458506759,0.0197984476789103,0.0208626902965279,0.0215175835588478,0.0224226201591482,0.0243741587147981,0.0274480241304546,0.0302935606521047,0.0315292963383142,0.031144455379409,0.0299570794244193,0.0281189496949723,0.0257739626739094,0.0235655130461545,0.0216611515109065,0.0204183195597898,0.0197580383926329,0.0191884317215131,0.0185092271812703,0.0174075320544199,0.0158501647319051,0.0141541574190727,0.0124714227498631,0.0109986192508263,0.0096777940918863,0.0087089568135773,0.0079881602762392,0.0074899761972877,0.007150341074088,0.0067987474303964,0.0063541138690321,0.0058368750046815,0.0052755473092868,0.0046784754647297,0.0041637991404846,0.0037297442703245,0.0033954970519618,0.0031364176766907,0.0030121016285008,0.0028660368424932,0.0027333761124216,0.0025690450148936,0.0023879588474456,0.0022099608693555,0.0019600146498446,0.0018092847267221,0.0016452821599768,0.0015138698468796,0.0014163619105615,0.0013620886252524,0.0013051213875247,0.0012202947394205,0.0011377021006389,0.0010442022398703,0.0009502424360058,0.0008570711060199,0.0007696162116537,0.0007147515709356,0.0006545647315371,0.0006230257763938,0.0005850476179087,0.0005465438101712,0.0005016665052485,0.0004702589624183,0.0004282727283837,0.0003871406743843,0.0003469285065765,0.0003202518070178,0.0002930494582067,0.0002691981233796,0.0002525744657728,0.0002478436225013,0.0002222839276039,0.0002109824686775,0.0001923876263742,0.0001747783764192,0.0001599944911958,0.00014468495672,0.0001410711181098,0.0001310180761579,0.0001200451480142,0.0001161684847779,0.0001170883709696,0.0001095321629665,0.0001000047702669,0.0001021073672765,8.8966135966801e-05,8.14756341202609e-05,8.84404867144123e-05,8.89004298102524e-05,4.2774707913137e-05,9.13315576025505e-06,1.47181790668858e-05,8.67321266441487e-06,0.0,0.0,0.0,0.0,0.0,0.0,0.0,0.0,0.0,0.0,0.0,0.0,0.0,0.0,0.0,0.0,0.0,0.0,0.0,0.0,0.0,0.0,0.0,0.0,0.0,0.0,0.0,0.0,0.0,0.0,0.0,0.0,0.0,0.0,0.0,0.0,0.0,0.0,0.0,0.0,0.0,0.0,0.0,0.0,0.0,0.0,0.0,0.0,0.0,0.0,0.0,0.0,0.0,0.0,0.0,0.0,0.0,0.0,0.0,0.0,0.0,0.0,0.0,0.0,0.0,0.0,0.0,0.0,0.0,0.0,0.0,0.0,0.0,0.0,0.0,0.0,0.0,0.0,0.0,0.0,0.0,0.0,0.0,0.0,0.0,0.0,0.0,0.0,0.0,0.0,0.0,0.0,0.0,0.0,0.0,0.0,0.0,0.0,0.0
48,MUGAAA53,0.0,0.0,0.0,0.0,0.0,0.0,0.0,0.0,0.0,0.0,0.0,0.0,0.0,0.0,0.0,0.0,0.0,0.0,0.0,0.0,0.0,0.0,0.0,0.0,0.0,0.0,0.0,0.0,0.0,0.0,0.0,0.0,0.0,0.0,0.0,0.0001050906094151,0.0001166968746674,0.0001243709626211,0.0002186163733579,0.000273286322251,0.0003547838678747,0.0004277828367564,0.0004388817242927,0.0003703857326401,0.0003228190717702,0.000300811563341,0.0003110225398744,0.000347997690924,0.0004014626177417,0.000496405672838,0.0005695949083631,0.000621157168746,0.0006389153888041,0.0006258504126185,0.0005858309952733,0.0005602084206181,0.0005819622401893,0.0006254698793316,0.0006804569392972,0.0007844693710659,0.0009398537965742,0.0010602291596823,0.0010321965408763,0.0009195586879364,0.0008298162544286,0.0008196052778952,0.0008870865141159,0.0009403611742902,0.0010323868075197,0.0011752770567729,0.001508116838433,0.0019795341587607,0.0023015287417425,0.0022443853264842,0.0018085478684871,0.0014645457770762,0.0013879317419685,0.001470697731882,0.001652402376405,0.001865501017102,0.0022695005234235,0.0028934482696073,0.0038112311355379,0.0046956539166452,0.0049418589533076,0.0044609917230204,0.0041020219889891,0.0042482736156103,0.004984478681447,0.0060379850863931,0.0073255828850334,0.0081466468738619,0.0084220895514058,0.0084341397721595,0.0087095824497033,0.0090979800912594,0.0092337670524893,0.0094291074731283,0.0098039961829974,0.0104788719674192,0.0110803682496725,0.0119927602273712,0.0127227499161875,0.0126889458758627,0.0125435821602443,0.0129426981560499,0.0141389045436055,0.0157317534606014,0.0173698858387455,0.0188823788099785,0.0198447474926979,0.0204242996887365,0.0212182823919764,0.0231427026463426,0.0262854002189081,0.02940602686083,0.0310333140402957,0.0311245151847369,0.030259816712337,0.0285777961617637,0.0264630458417035,0.0244227532014583,0.0228314898398247,0.0220014198965381,0.0217303533517943,0.0216598912714924,0.0212938182494378,0.0205090317672993,0.019096555628322,0.0173957621022587,0.0156102364976325,0.0139544093216449,0.0125260776290442,0.0113824482573034,0.0105626527127647,0.0101700057828375,0.0098172514258265,0.0094988084868563,0.0090351286766967,0.0083287320516718,0.0076258870706585,0.0068478867654708,0.0061160578324342,0.0055131028392476,0.0050395291636271,0.0046479604113463,0.0044415845253855,0.0042968550319121,0.0041376018513198,0.0039240592551213,0.0036746196855196,0.0033611236792799,0.0030391925185126,0.0027594371303832,0.0025100609829961,0.0023044461636092,0.0021647270250808,0.0020439077064713,0.0019596830056244,0.0018659449726035,0.0017411300544809,0.0016192959804395,0.001461438088566,0.0013201333946753,0.0012043878532252,0.0011095716425579,0.0010318794298038,0.0009532993060468,0.0008827738035304,0.0008643179391128,0.0008133264786603,0.0007443865315063,0.0006752563177087,0.0006098680145663,0.0005635063757718,0.0005057287383685,0.0004674851430291,0.0004421796794463,0.0004041263507504,0.000389031863701,0.0003691172883502,0.0003401333363268,0.0003159060503904,0.0002917421866685,0.0002646609010799,0.0002431607703668,0.0002237535727318,0.0002078345968941,0.0002033950418795,0.0001876663326852,0.0001834804665287,0.0001800556669461,0.000162424291317,0.0001598874027372,0.0001451100267603,0.0001313474062153,0.000129888695282,0.0001274786511312,0.0001420657604646,0.0001177116300993,8.80934559310108e-05,8.31465232005437e-05,0.0001216438073978,7.16036801627871e-05,0.0,0.0,0.0,0.0,0.0,0.0,0.0,0.0,0.0,0.0,0.0,0.0,0.0,0.0,0.0,0.0,0.0,0.0,0.0,0.0,0.0,0.0,0.0,0.0,0.0,0.0,0.0,0.0,0.0,0.0,0.0,0.0,0.0,0.0,0.0,0.0,0.0,0.0,0.0,0.0,0.0,0.0,0.0,0.0,0.0,0.0,0.0,0.0,0.0,0.0,0.0,0.0,0.0,0.0,0.0,0.0,0.0,0.0,0.0,0.0,0.0,0.0,0.0,0.0,0.0,0.0,0.0,0.0,0.0,0.0,0.0,0.0,0.0,0.0,0.0,0.0,0.0,0.0,0.0,0.0,0.0,0.0,0.0,0.0,0.0,0.0,0.0,0.0,0.0,0.0,0.0,0.0,0.0,0.0,0.0,0.0,0.0
49,ZTKL03A,0.0,0.0,0.0,0.0,0.0,0.0,0.0,0.0,0.0,0.0,0.0,0.0,0.0,0.0,0.0,0.0,0.0,0.0,0.0,0.0,0.0,0.0,0.0,0.0,0.0,0.0,0.0,0.0,0.0,0.0,0.0,0.0,0.0,0.0,0.0,0.0,0.0,0.0,0.0,2.26816754122154e-05,3.16751576828943e-05,3.30892272223093e-05,3.69920591510945e-05,0.0003166384512657,0.0002901670694879,0.0002780626342305,0.0002905630089589,0.0003166950140473,0.0003592302257929,0.0004219583505614,0.000470772031062,0.0005182282048047,0.0005446995865826,0.0005613290443661,0.0005397220618038,0.0005364414204724,0.0005559555801163,0.0005950404621858,0.000630279075108,0.0007124082339572,0.0008203300212053,0.0009108304717279,0.0009089638999359,0.0008519486161067,0.0008219703418711,0.0008331132098416,0.0008986129109073,0.0009689204484071,0.0010412642460435,0.0011772411729537,0.0014424640557663,0.0018170227953666,0.0021111492595649,0.0020588286866065,0.0017285586049808,0.0015183713086421,0.0015198985037447,0.001645694129971,0.0017984702030094,0.0020265313383263,0.0024080473000604,0.0030257128748769,0.0038806593184071,0.0047058537388281,0.0049636668972542,0.004637073396431,0.0044199288779584,0.004712810960962,0.0055644767631608,0.006749410474409,0.0079426589145489,0.008805637273063,0.0091049675131664,0.0091827979006158,0.009451414550323,0.0098117760317475,0.0100286942990938,0.0103151282249977,0.0108319423602631,0.0114238718694622,0.0121681815122286,0.0129994847130598,0.0135959958075666,0.013582590428333,0.0135407339699663,0.0140456699211006,0.0154104167149807,0.0170740412467116,0.0188802605507971,0.0204772541258307,0.0215662007967433,0.0223500478238318,0.0235425609478112,0.0257719264208712,0.0292201632741253,0.0324556675058698,0.0338334237395126,0.0334331854970766,0.0319219976616946,0.0298894706685212,0.0275925126714771,0.0252247380718992,0.0234571511476306,0.0222431441666521,0.0217422807357913,0.0211974114608639,0.0204809307066332,0.019388307454918,0.0176889918080123,0.015890238791095,0.0139980440590131,0.0123567052632234,0.0110232376875551,0.0099749030938144,0.0091738609811267,0.0086302926501756,0.0082276787709133,0.0078425993539399,0.0073588178831152,0.0067662096205372,0.0060866077998944,0.0054987508109688,0.0048724876933528,0.0043858780834493,0.0040037399311178,0.0036997715429252,0.0035244269200377,0.003350722617816,0.0032058087714167,0.0030360638639054,0.002806871472957,0.0026085057979679,0.0023579892383651,0.0021091129994281,0.0019428749843745,0.0017807094895944,0.0016798014872617,0.0015986338956993,0.0014962552610457,0.0014262305374538,0.0013295081809579,0.0012285436158436,0.0011042751847199,0.0009948827651507,0.0009175048799539,0.0008212915884921,0.0007754757354151,0.0007270579943855,0.0006892740562924,0.0006453247750073,0.000608898343672,0.0005491680463271,0.0005140991217496,0.0004525588153943,0.0004206574065851,0.0003770475019895,0.000351198310809,0.0003322497789809,0.0003006311840796,0.0002827573451014,0.000268107584673,0.0002514781268895,0.0002268167541221,0.0002088863523623,0.0001932750246472,0.0001789646409083,0.0001622786203432,0.0001580929745065,0.0001561132771514,0.0001781161991847,0.0001365991175074,1.26700630731577e-05,1.71385228177089e-05,1.11428679705896e-05,0.0,0.0,0.0,0.0,0.0,0.0,0.0,0.0,0.0,0.0,0.0,0.0,0.0,0.0,0.0,0.0,0.0,0.0,0.0,0.0,0.0,0.0,0.0,0.0,0.0,0.0,0.0,0.0,0.0,0.0,0.0,0.0,0.0,0.0,0.0,0.0,0.0,0.0,0.0,0.0,0.0,0.0,0.0,0.0,0.0,0.0,0.0,0.0,0.0,0.0,0.0,0.0,0.0,0.0,0.0,0.0,0.0,0.0,0.0,0.0,0.0,0.0,0.0,0.0,0.0,0.0,0.0,0.0,0.0,0.0,0.0,0.0,0.0,0.0,0.0,0.0,0.0,0.0,0.0,0.0,0.0,0.0,0.0,0.0,0.0,0.0,0.0,0.0,0.0,0.0,0.0,0.0,0.0,0.0,0.0,0.0,0.0,0.0,0.0,0.0,0.0,0.0,0.0,0.0,0.0,0.0,0.0
50,ZTKL04A,0.0,0.0,0.0,0.0,0.0,0.0,0.0,0.0,0.0,0.0,0.0,0.0,0.0,0.0,0.0,0.0,0.0,0.0,0.0,0.0,0.0,0.0,0.0,0.0,0.0,0.0,0.0,0.0,0.0,0.0,0.0,3.59844718947549e-05,3.03749522295692e-05,2.85846799959993e-05,2.82266255492854e-05,0.0001697774834835,0.0001802804139204,0.000201107247571,0.0002346450140798,0.0003093590419608,0.0003842520970652,0.000459383855134,0.0004609354244031,0.0003847295029941,0.0003324535537739,0.0003150282373671,0.0003274407915199,0.0003669461321407,0.0004298443632801,0.0005187015418063,0.0006139440246322,0.0006693827881317,0.0006718294935176,0.0006453334644608,0.0006345918310594,0.0006082151534848,0.0006098860742361,0.0006602523997405,0.0007130654306308,0.0008412489225544,0.0010111457575202,0.0011267376680677,0.0011332423238497,0.0009999267181899,0.0009172161409989,0.0009170371137756,0.0010088780793577,0.0010560815905828,0.0011591415954953,0.0013482540191014,0.0016725916720832,0.002158948962203,0.0024610275637474,0.0023595788038451,0.001903178735767,0.001595251911593,0.0015464968310988,0.0016660870163012,0.0018401014774042,0.0020729562192505,0.0024606695093007,0.0031246218049906,0.004047566817137,0.0049599492231054,0.0051577146291737,0.0047157560904464,0.0042882390810699,0.0044935236305193,0.0051957280762665,0.0063598824340159,0.0075822803150974,0.0085573819249818,0.0088818389294458,0.0088764681127451,0.0091155291316678,0.0094165932456131,0.0095697211973245,0.0096705731998156,0.0101392664705642,0.0105877893408146,0.011285577781719,0.0121146528530852,0.0127201825982197,0.012807607558959,0.012565861131686,0.0127999093883547,0.0138226919153932,0.0152821218401993,0.0168374506809838,0.0183901537891589,0.0194215296229185,0.0201199148212342,0.0209769778151852,0.0226487340268928,0.025324832961633,0.0279620829889048,0.029394897533172,0.0295715974026253,0.0290389914131383,0.0277775059216238,0.0262126886380015,0.0243690066161301,0.0227610437716787,0.0218774847486708,0.0213948870302415,0.0211492616797957,0.0208396639348704,0.0198786457998901,0.0185558733222464,0.0169986348577462,0.015330578541988,0.0137417119346947,0.0124554013348747,0.0113505049880565,0.0106184029960086,0.0100769053210949,0.0097363358665287,0.0093853828330079,0.008926058653615,0.0083202305297749,0.0076223227373883,0.0069056767622902,0.0062423212240115,0.0056803547698939,0.0051935200738451,0.0048611858715534,0.0046220055011485,0.0044484087702333,0.0043035160707964,0.0040950090313266,0.0037983609222241,0.0034962226449386,0.0032335897082739,0.0029176663347899,0.0026688781700648,0.0024425280840005,0.0023249071982549,0.0022362290469521,0.0021058972283482,0.0020252753020965,0.0018953015379393,0.0017457541306951,0.0016000259708825,0.0014514333754962,0.0013187742029887,0.0012129094382436,0.0011333019995908,0.0010701053897458,0.0010136521386472,0.0009702081991126,0.0009139936509785,0.0008393989745798,0.0007570464518355,0.0006936708147672,0.0006347708582827,0.0005699033276864,0.0005347543161673,0.0004873121019777,0.0004780623621042,0.0004470309767224,0.0004075853118427,0.0003804925253747,0.0003529820087188,0.0003189071605399,0.0003041075767424,0.0002751648422996,0.0002474156226793,0.0002337498779631,0.0002291548458969,0.000215668128404,0.0002060603340838,0.000191618804733,0.0001806384683672,0.0001704935923769,0.0001585584441531,0.0001442362662846,0.0001383283679138,0.0001342107417766,0.0001270496528423,0.0001257367865377,0.0001232900811518,0.0001251400291265,0.0001694194290368,0.0001121307175625,2.19009969906717e-05,3.4671605590137e-05,1.724628918339e-05,0.0,0.0,0.0,0.0,0.0,0.0,0.0,0.0,0.0,0.0,0.0,0.0,0.0,0.0,0.0,0.0,0.0,0.0,0.0,0.0,0.0,0.0,0.0,0.0,0.0,0.0,0.0,0.0,0.0,0.0,0.0,0.0,0.0,0.0,0.0,0.0,0.0,0.0,0.0,0.0,0.0,0.0,0.0,0.0,0.0,0.0,0.0,0.0,0.0,0.0,0.0,0.0,0.0,0.0,0.0,0.0,0.0,0.0,0.0,0.0,0.0,0.0,0.0,0.0,0.0,0.0,0.0,0.0,0.0,0.0,0.0,0.0,0.0,0.0,0.0,0.0,0.0,0.0,0.0,0.0,0.0,0.0,0.0,0.0,0.0,0.0,0.0,0.0,0.0,0.0,0.0,0.0,0.0,0.0
