SampleID,ichorCNA
8-ZMG093,0.02178
7-ZMC057,0.02177
6-ZMC071A,0.01136
6-MDGAAA16,0.01741
3-MQAAAA19,0.3859
8-ZMC046B,0.01438
1-HAAA31,0.09142
15-MDGAAB43,0.0
4-ZMC006A,0.006669
12-ZNAB09A,0.0
1-YCAB14,0.01085
3-ZMC005B,0.01157
2-HMAAAA16,0.1093
6-HAGAAA11,0.1814
2-HAAAAA27,0.006357
2-YCAB06,0.4026
3-HHAA22,0.3499
7-ZIL105A,0.008167
4-ZTKL10B,0.00952
10-ZNAB06A,0.03266
16-ZMB596A,0.006822
2-MUAAAA44,0.01012
6-ZTKL12B,0.006343
8-ZMC005,0.009836
8-ZIL106A,0.1004
16-MDGAAB45,0.008043
1-ZMB602A,0.0
3-ZTKL09B,0.01072
12-ZMH056A,0.3258
4-HMAA08,0.05268
15-ZMB581A,0.007871
11-ZMH047D,0.00805
7-ZMC046A,0.01808
13-ZMH056B,0.01131
4-HAGAAA18,0.6829
14-MUGAAA67,0.008218
14-ZMH056D,0.04149
5-ZMC006B,0.007104
11-ZNAB08A,0.01202
9-MDGAAB39,0.008224
1-QCAD47,0.007813
1-ZMC031,0.02332
10-ZMH047B,0.008121
9-ZMH047A,0.09913
13-UHAA49,0.009723
6-ZMC006C,0.01148
16-ZMG117B,0.006111
5-ZTKL11B,0.01229
2-ZTKL05B,0.006043
5-HMAAAA27,0.2263
13-U3AA05,0.0
11-MQCAAA05,0.007417
4-ZXG04,0.007333
12-MUGAAA57,0.01454
11-MUGAAA01,0.0138
1-ZXG27,0.03638
4-Q3AA14,0.01048
12-Q3AA19,0.03711
3-MQCAAA59,0.01606
14-ZMB576A,0.009934
16-ZMH021C,0.00901
7-HMGAAA01,0.009626
8-MECAAA03,0.0
8-ZMG107A,0.009187
10-U3AA02,0.006573
15-ZMH021B,0.009572
3-ZMG094A,0.01334
6-MDGAAA10,0.009918
10-UHAA47,0.005644
2-Q3AA09,0.04957
10-Q3AA48,0.008412
1-HAAA35,0.0563
13-ZMH010C,0.03138
15-ZMB576B,0.01081
5-MDGAAA17,0.01072
4-QHAA62,0.01587
6-ZMH054B,0.01343
3-Q3AA13,0.08662
2-MDAAAA01,0.02248
7-MQCAAA20,0.005428
7-ZMH054C,0.1567
14-ZMH021A,0.01304
1-MQCAAA02,0.005912
9-Q3AA05,0.3726
8-MECAAA13,0.008522
2-ZMG007A,0.01348
11-ZMH010A,0.03183
6-QHAB49,0.01342
5-ZXG07,0.01305
6-MDAAAA13,0.008446
12-ZMH010B,0.006109
5-QHAA99,0.01439
7-HMAAAA06,0.008079
9-MECAAA19,0.01608
9-ZMH003B,0.007265
10-ZMH003C,0.01233
8-ZMH003A,0.0295
9-HHAA01,0.006109
12-KABF65,0.01007
4-KABB88,0.007559
2-KABF57,0.009412
5-KABA97,0.01027
5-ZTKL15A,0.01748
8-KABF11,0.0
13-MDCAAA11,0.01935
14-KABB30,0.007139
4-KABB98,0.009863
15-KABD50,0.009581
8-ZTKL04B,0.01259
3-KABF62,0.008716
13-KABC54,0.008805
6-ZTKL01B,0.08287
2-ZTKL16A,0.005948
3-ZIL01A,0.05004
4-ZMH062A,0.1892
6-KABE42,0.01404
1-KABF53,0.004817
11-KABF33,0.0117
10-KABF18,0.01075
7-ZTKL03B,0.005463
16-ZMH062B,0.04932
7-KABE82,0.01501
12-QHAA87,0.02512
2-QCAF61,0.01197
11-KABF96,0.01545
9-KABF13,0.0138
16-KABB91,0.01117
5-ZMH054A,0.1831
3-MECAAA20,0.0124
1-ZTKL14A,0.01093
10-KABG07,0.0
1-QCAE05,0.1558
9-KABF90,0.007705
7-HMAAAA23,0.0104
1-MECAAA17,0.0
5-HMAAAA09,0.01359
3-HMAAAA30,0.007589
3-QCAD83,0.1404
8-HHAA10,0.1544
2-MEGAAA07,0.01163
6-HMAAAA19,0.006541
5-MEGAAA06,0.5088
8-HMAAAA28,0.0364
9-HMAAAA05,0.08561
4-QCAC99,0.04644
6-MDGAAA36,0.2275
7-QCAB83,0.3317
4-QCAD68,0.2015
5-ZMG002A,0.006456
8-HMAA03,0.01189
14-MDGAAA27,0.01016
1-ZMG058A,0.0
6-ZMG067A,0.005384
12-UCAA26,0.0889
16-MUGAAA02,0.008435
13-QHAA80,0.006087
11-QCAB64,0.2118
12-MDGAAA24,0.008864
22-KABG35,0.01291
2-YCAA77,0.01294
4-YCAB01,0.007285
13-MECAAA15,0.0262
1-MQCAAA48,0.01023
19-KABH62,0.0104
9-QCAA02,0.01193
12-ZMG102A,0.01047
15-HMAAAA35,0.01854
3-ZMG103A,0.0193
20-KABH63,0.01021
9-ZMG068B,0.005716
6-HMAA06,0.067
16-YCAA54,0.01264
5-QCAA94,0.0
10-ZMG086A,0.0
11-ZMG086B,0.006771
8-ZMG068A,0.005518
3-U3AA04,0.0
7-HMGAAA08,0.01
7-MDAAAA15,0.02836
10-HMAA02,0.01045
4-HAGAAA15,0.3245
9-ZXG01,0.01067
2-ZMG085A,0.01231
15-QHAB92,0.01369
5-MDGAAA07,0.135
13-ZMG102B,0.0121
6-ZMG044A,0.01226
8-HMAA04,0.01306
3-QCAA74,0.01113
11-HMGAAA02,0.0
21-KABG32,0.009194
7-ZMG067B,0.01069
2-Q3AA08,0.06853
4-ZMG001A,0.003965
14-ZMG102C,0.007789
10-HMGAAA06,0.01115
14-MUGAAA46,0.02887
15-ZMG117A,0.0
1-QCAA40,0.006807
7-QCAE60,0.07855
3-MDGAAA18,0.01272
6-MDGAAA31,0.00765
9-LABJ97,0.01158
17-KABG66,0.0
13-MUGAAA68,0.03832
14-ZTKL07B,0.01075
9-ZIL102A,0.02537
6-MYCAAA01,0.007582
1-QCAB27,0.01066
5-QHAA88,0.01322
11-ZIL104A,0.1107
13-ZTKL17A,0.0504
3-YCAB67,0.01141
15-KABF76,0.0
5-QCAC36,0.01029
8-LABV93,0.06046
1-HMAAAA02,0.006499
18-KABH35,0.008841
16-ZTKL19A,0.03557
8-MDAAAA16,0.006354
10-HMAAAA04,0.04383
2-MQGAAA71,0.01116
10-QHAA63,0.00905
4-QNAA01,0.01088
12-MUGAAA12,0.01116
15-ZTKL18A,0.381
11-QCAA59,0.009648
4-QCAE86,0.005335
2-MUGAAA56,0.009024
14-KABF69,0.01055
7-HMGAAA04,0.01329
15-MUAAAA11,0.01221
14-QCAF27,0.004421
12-QHAA17,0.01097
16-MUGAAA65,0.008121
11-UHAA30,0.008677
16-KABG60,0.006654
13-KABF68,0.01427
8-QHAC16,0.3417
7-MQAAAA51,0.01998
12-ZTKL06B,0.01302
9-MUGAAA21,0.005893
10-ZIL103A,0.3646
6-ZNAB04A,0.01519
7-ZNAB06B,0.007726
8-ZNAB07B,0.006457
10-ZNAB02C,0.01294
9-ZNAB08B,0.01187
4-MQCAAA03,0.1769
5-MQAAAA18,0.4535
5-ZMC040A,0.01787
8-ZMC017A,0.01971
14-HAGAAA04,0.08011
11-HMGAAA07,0.115
3-HAGAAA16,0.01156
10-MQGAAA01,0.4104
4-ZMC065A,0.006709
1-HAAA34,0.02035
6-ZMC079A,0.01291
12-HAAAAA01,0.1114
15-HACAAA03,0.02731
7-ZMG013A,0.008424
16-HAAAAA17,0.01093
2-HAAA32,0.009235
9-QCAF79,0.3123
5-ZMC072A,0.007565
2-HMDAAA08,0.01128
6-ZTKL21A,0.008542
11-ZNAB07A,0.09344
7-ZTKL22A,0.01332
16-ZNAB05B,0.01208
15-ZNAB04B,0.01091
13-ZNAB02B,0.0144
5-ZTKL20A,0.0898
8-ZNAB02A,0.01959
10-ZNAB05A,0.006511
9-ZNAB03A,0.2667
14-ZNAB03B,0.006738
12-ZNAB01B,0.007424
4-ZTKL13B,0.01378
3-ZTKL08B,0.01032
1-MDBAAA11,0.01032
3-UCAA34,0.01323
1-MLAA29,0.004627
6-ZTKL01A,0.07083
5-MDAAAA03,0.2376
11-ZTKL10A,0.004402
5-MUGAAA42,0.008625
6-KABD34,0.01119
8-HACAAA01,0.03539
5-KABF22,0.008329
9-QCAA56,0.0157
6-ZTKL11A,0.006727
4-QHAB51,0.04402
2-UCAA82,0.01223
7-UCAA21,0.007313
4-MUGAAA10,0.01243
1-MDGAAA26,0.006793
2-HMAAAA13,0.007884
3-UHAA52,0.01249
8-KABB36,0.006385
11-MUGAAA53,0.01242
1-HMAAAA18,0.00641
10-UCAA78,0.01211
2-ZTKL03A,0.01979
4-UCAA49,0.009721
8-ZTKL13A,0.01284
8-ZTKL07A,0.03795
3-QCAB92,0.008048
9-UCAA53,0.0142
2-UCAA04,0.003863
6-QCAA27,0.01092
9-MUCAAA04,0.01077
3-ZTKL04A,0.01501
3-UCAA23,0.006385
10-UCAB01,0.05737
7-ZTKL05A,0.01102
7-UCAA16,0.01225
2-UCAA22,0.01282
8-UCAA31,0.01194
5-ZTKL09A,0.04377
2-MEBAAA02,0.008505
1-ZTKL02A,0.01153
9-UCAA46,0.009236
10-ZTKL06A,0.01621
7-ZTKL12A,0.009531
6-MLAA85,0.01328
1-QCAA30,0.01087
1-QCAA50,0.0
4-HMAA07,0.01102
4-ZTKL08A,0.03555
7-MUGAAA38,0.5345
5-QHAB28,0.4543
15-MDGAAB09,0.01546
7-QCAA48,0.01063
3-KABF79,0.0
8-MDGAAB36,0.01078
6-MDGAAB03,0.01324
7-MDGAAB70,0.01037
7-MLAA82,0.01637
3-KABG71,0.008841
1-ZNAB01A,0.0
3-MDAAAA42,0.01717
2-KABG28,0.00583
8-QCAE78,0.0
6-MDGAAA20,0.006492
12-QHAA72,0.0
8-MDGAAB68,0.01514
2-KABG67,0.01116
10-KABF92,0.006725
15-KABB22,0.0
7-MDGAAB74,0.007108
6-QHAA48,0.01398
16-KABB31,0.007795
13-KABD43,0.0
11-MLAA20,0.01002
9-QCAA64,0.01578
1-KABG53,0.0
5-MDGAAA32,0.01101
14-KABD33,0.009056
5-QCAB77,0.01968
14-MDGAAA55,0.01056
11-KABD31,0.009281
2-KABG46,0.01154
12-KABF19,0.006742
4-KABG84,0.005691
16-MDGAAB13,0.01116
15-MDGAAB37,0.01711
5-QCAD51,0.01226
14-UCAA44,0.009683
4-KABG29,0.01067
1-KABG44,0.01062
10-QHAB01,0.01
1-KABG81,0.01169
17-MDGAAA90,0.01337
11-MDGAAA73,0.01069
8-QCAA33,0.01102
2-UHAA07,0.007681
16-MDGAAA41,0.01593
6-Q3AA11,0.01253
5-KABG68,0.00898
13-UCAA07,0.01082
3-KABG73,0.01005
9-MDGAAB48,0.01313
4-KABG59,0.0
4-MDGAAA33,0.009493
9-MDGAAA68,0.01763
10-MDGAAB14,0.007598
84-MEKAAA10,0.007948
88-LAAX49A,0.05017
86-LAAX45A,0.05055
85-LAAX44A,0.01036
87-LAAX47A,0.03057
95-MECAAA38,0.05547
96-GWCT,0.153
97-MECAAA37,0.04447
94-MQAAAB70,0.01367
10-ZMC005D,0.0153
29-MUGAAB07,0.01156
17-ZMB048D,0.008739
32-K0AI02,0.006772
25-ZMC045B,0.006259
30-MUGAAB02,0.0
21-ZMB070C,0.007291
19-ZMB053C,0.01452
27-ZMC101D,0.01088
31-MUGAAA66,0.009963
8-ZMB047D,0.01329
9-ZMC002D,0.009493
24-ZMB207B,0.007166
14-MUGAAA28,0.007533
5-ZMB022D,0.0
11-ZMC009D,0.004916
20-ZMB054C,0.01018
1-ZMB007D,0.00732
18-ZMB051C,0.005396
28-MUGAAA08,0.01321
26-ZMC070B,0.01043
15-QHAB36,0.01021
22-ZMB086C,0.01229
16-K0AH91,0.008478
23-ZMB099B,0.005991
7-ZMB042D,0.0141
4-ZMB014D,0.01132
2-ZMB012D,0.007047
3-ZMB013D,0.007218
12-QHAB58,0.01134
13-MUGAAA69,0.009096
6-ZMB040D,0.0
3-ZTKL10C,0.01378
9-MLGAAJ51,0.01369
5-ZTKL12C,0.01256
2-ZTKL09C,0.01469
1-ZTKL06C,0.01467
4-ZTKL11C,0.004762
6-ZTKL19B,0.008703
10-MEDAAA08,0.01025
8-ZIL103B,0.0
7-ZTKL23A,0.3615
75-LAAX35,0.01725
77-LAAX37,0.05388
73-MEKAAA08,0.02943
76-LAAX36,0.005204
74-MEKAAA09,0.01541
18-ZMB068D,0.009862
6-ZMB044C,0.01224
17-ZMB058D,0.006743
12-MUGAAA15,0.01133
19-ZMB072D,0.0
7-ZMH032B,0.01096
5-ZMB034D,0.007122
16-K0AI03,0.01215
2-ZMB017D,0.01218
30-MUGAAA91,0.01204
5-ZMG138D,0.009323
13-MUGAAA77,0.006078
1-ZMG131C,0.01027
14-MUGAAA75,0.0
15-MUGAAA76,0.01499
25-ZMC038D,0.008931
32-K0AI11,0.0131
3-ZMG138B,0.008551
8-ZMB055D,0.01209
23-ZMB102D,0.01015
20-ZMB076D,0.00681
29-MUGAAB19,0.01158
24-ZMB104D,0.007215
27-ZMC119B,0.0
4-ZMG138C,0.006696
10-ZMC021C,0.01248
9-ZMC016C,0.008798
7-ZMB052D,0.01414
28-MUGAAA90,0.01136
22-ZMB201C,0.01022
2-ZMG131D,0.01092
11-ZMC035C,0.008833
4-ZMB033D,0.01357
31-MUAAAA78,0.01074
8-K0AJ49,0.006549
1-ZMB001D,0.01426
6-ZMH023B,0.06256
26-ZMC107D,0.0
21-ZMB080D,0.0
3-ZMB018D,0.0
3-HAAA46,0.0
5-HAGAAA03,0.08466
1-HAAA49,0.06101
2-HAGAAA06,0.01219
4-HMGAAA03,0.3858
1-ZNAB03C,0.01021
8-ZNAB11B,0.009094
7-ZNAB11A,0.01118
4-ZNAB09B,0.009418
2-ZNAB06C,0.01131
3-ZNAB07C,0.0
5-ZNAB10A,0.01402
6-ZNAB10B,0.009637
6-MDGAAE91,0.009769
10-MDGAAF05,0.007145
9-MDGAAF04,0.01423
11-MUCAAA56,0.01261
3-MDGAAE47,0.008763
12-MUGAAC21,0.00713
7-MDGAAE97,0.009965
5-MDGAAE87,0.009508
2-MDCAAB01,0.02051
1-GW42CT12,0.01858
1-ZMG096C,0.0
2-ZMG096C2,0.009894
3-ZMG138C,0.008896
13-MDCAAB07,0.00973
2-GW49CT12,0.008737
4-MDGAAE85,0.01008
1-MDAAAC57,0.3244
8-MDGAAE99,0.009723
2-GW49CT18,0.01622
1-GW42CT18,0.01264
16-ZMB016D,0.0397
12-ZMB010B,0.0159
7-ZMRD1,0.5089
2-ZMB028C,0.00689
15-ZMB016C,0.007993
10-ZMRD4,0.09885
11-ZMB010A,0.02245
5-ZIL101B,0.009095
4-ZMC060B,0.01017
9-ZMRD3,0.1828
3-ZMB028D,0.01131
1-ZMB028B,0.01326
6-ZNAB10C,0.0
13-ZMB016A,0.005757
14-ZMB016B,0.009407
8-ZMRD2,0.3175
2-GW15CT09,0.03265
1-GW01CT09,0.03979
3-GW68CT09,0.05346
2-ZNAB04C,0.006832
3-ZNAB09C,0.005277
4-ZNAB12A,0.02825
9-ZNAB16A,0.1054
15-ZMHN01A,0.06139
12-ZNAB19A,0.005276
14-ZIL104B,0.01017
10-ZNAB17A,0.01118
7-ZNAB14A,0.03715
6-ZNAB13A,0.01054
1-QCAD61,0.2813
11-ZNAB18A,0.01824
5-ZNAB12B,0.007617
13-ZIL102B,0.01171
8-ZNAB15A,0.01209
7-MUGAAB49,0.008392
13-UCAA92,0.01178
18-UHAA40,0.01001
9-MUAAAA97,0.008814
4-UHAA34,0.07552
16-QHAA29,0.0116
5-MUGAAA27,0.007584
20-MUGAAB44,0.008944
19-MUGAAA59,0.008571
11-UCAA39,0.007243
8-MQAAAA12,0.006287
17-UHAA14,0.01061
2-UHAA04,0.01209
12-UCAA59,0.01414
3-UHAA15,0.01107
15-MUGAAB08,0.005462
10-QCAB48,0.01153
1-QHAA07,0.01195
14-MUGAAA39,0.01123
6-MUGAAA84,0.0122
27-K0CAAG05R1W,0.03637
73-MEGAAA21,0.01799
74-GWCT,0.1568
1-GW64CT03,0.007744
2-GW44CT03,0.01387
1-GWCT9,0.1543
15-MEGAAA20,0.0
16-MEAAAA35,0.2078
18-MEGAAA18,0.005332
17-MUAAAB89,0.01723
32-MECAAA45,0.006111
31-MDCAAA93,0.06587
1-GWCT01,0.1711
30-GWCT,0.154
2-ZMB077D,0.005227
12-MUAAAA76,0.01443
17-ZMG111B,0.006731
7-ZMB117D,0.005328
25-ZMH012B,0.008391
22-ZMG126D,0.004142
30-ZMH035B,0.005907
13-MUAAAB07,0.01268
4-ZMB215D,0.007733
32-K0AI58,0.01346
20-ZMG125D,0.01028
26-ZMH012C,0.0
9-ZMC050C,0.01023
24-ZMG128D,0.01284
16-K0AH24,0.0
5-ZMB110D,0.01269
15-MUGAAB15,0.008155
31-ZMH035D,0.07739
3-ZMB203D,0.009643
23-ZMG128C,0.01449
29-ZMH032C,0.008466
6-ZMB116D,0.006211
11-ZMC075C,0.01054
14-MUAAAA49,0.009919
1-ZMB038C,0.005943
10-ZMC057C,0.01397
27-ZMH026B,0.0135
8-ZMB118D,0.0
18-ZMG111C,0.008021
19-ZMG125C,0.0
21-ZMG126C,0.005901
28-ZMH026C,0.0156
3-MEBAAA14,0.00936
1-MECAAA39,0.006231
2-MEBAAA13,0.007981
7-UCAA28,0.01191
21-ZMH059C,0.00498
11-ZMH041B,0.01112
22-ZMH061C,0.005918
9-MLAA65,0.009814
14-ZMH051B,0.06533
16-ZMH058C,0.01118
8-UCAA35,0.008509
20-ZMH057C,0.01101
4-ZMG142B,0.01101
10-MLAA94,0.0
23-K0AI93,0.01056
19-ZMH052C,0.005736
1-ZMG055C,0.01093
6-UCAA18,0.008213
5-QHAA20,0.0128
3-ZMG098C,0.3299
15-ZMH058B,0.01283
17-ZMH048C,0.01622
13-ZMH044B,0.01148
2-ZMG062B,0.01104
18-ZMH049C,0.01066
12-ZMH041D,0.02398
29-MECAAA49,0.0131
28-GWCT,0.1548
1-ZMC122C,0.007642
2-UCAA76,0.01442
213-MEBAAA25,0.07195
211-MEGAAA25,0.01326
215-MDCAAB03,0.005521
212-MEGAAA26,0.008779
214-MDGAAE93,0.0
210-GWCT,0.1525
5-MDCAAA74,0.01364
4-MECAAA40,0.0101
3-MEAAAA36,0.01457
1-MUCAAA43,0.01287
2-GWCT,0.1519
6-MUCAAA44,0.0
2-ZTKL14B,0.01377
3-ZTKL15B,0.01185
5-ZTKL04C,0.06
4-ZTKL03C,0.01456
1-GWCT,0.152
13-HAAA43,0.01144
6-ZMB069B,0.006336
10-ZMC044B,0.01393
11-ZMC054B,0.009509
1-ZMB030B,0.01264
8-ZMB084B,0.01898
3-ZMB056B,0.01323
7-ZMB083B,0.0117
16-K0AH90,0.00763
15-UCAA32,0.005378
2-ZMB043B,0.01379
12-QCAA44,0.01622
5-ZMB063B,0.0
4-ZMB060B,0.01169
14-UCAA60,0.01788
9-ZMC043B,0.0
124-MDAAAC38,0.2843
123-MECAAA41,0.1005
122-GWCT,0.1513
34-GWCT,0.1527
35-MDDAAA20,0.01187
33-MDAAAC19,0.01353
1-MUGAAC27,0.01477
3-ZMC301K,0.007124
4-ZIL201B,0.006513
2-MUGAAC30,0.01041
1-GWCT03,0.1765
2-MECAAA52,0.005563
1-GWCT,0.1533
3-MDGAAF16,0.01764
2-GW44CT06,0.01072
2-GW42CT03,0.01863
1-GW49CT03,0.01494
1-GWCT,0.154
2-MDGAAF12,0.04154
1-GW64CT06,0.01224
1-GW01CT06,0.03167
2-GW15CT06,0.02903
10-MECAAA46,0.03947
8-GWCT,0.1572
9-MEGAAA24,0.2196
3-GW68CT06,0.05311
2-MECAAA43,0.007469
1-GWCT,0.1534
1-GWCT12,0.1524
8-ZTKL24A,0.005593
7-ZIL106B,0.009664
1-ZTKL08C,0.008526
9-ZTKL24B,0.0
2-ZTKL17B,0.2152
5-ZTKL21B,0.01153
6-ZIL105B,0.008686
4-ZTKL20B,0.007753
3-ZTKL18B,0.008838
12-MUGAAC15,0.009497
3-MDCAAA81,0.01635
7-MDCAAA83,0.01246
11-MUGAAC16,0.009914
4-MDGAAE74,0.009378
6-MDCAAA89,0.0119
5-MDCAAA85,0.006222
1-MDGAAE51,0.01029
2-MDGAAE62,0.005479
8-MDGAAE83,0.006623
9-MUGAAC07,0.008789
10-MUGAAC14,0.01058
10-ZMC123D,0.0103
6-ZMB059D,0.0
12-QCAB38,0.01899
13-UCAA98,0.0
1-ZMB002C,0.005405
7-ZMB062D,0.009984
15-UCAB23,0.01237
14-UCAA80,0.009741
3-ZMB026B,0.0
4-ZMB036C,0.008963
2-ZMB003D,0.0
8-ZMB082B,0.009729
9-ZMC088C,0.01149
5-ZMB037B,0.006675
16-K0AH92,0.01648
17-MDCAAA37,0.01211
11-ZMC301I,0.01175
8-MDCAAA75,0.5851
10-MEGAAA22,0.009275
7-GWCT,0.1497
9-MEBAAA15,0.009173
37-GWCT,0.1526
38-MECAAA48,0.006407
39-MDGAAE79,0.01286
61-MEGAAA06,0.5071
57-KABG79,0.01175
56-KABG36,0.00808
55-KABG10,0.0111
58-KABH36,0.01121
59-KABE56,0.01165
54-KABF97,0.009657
60-QHAB28,0.4554
1-ZMG131E,0.01176
2-MPAA23,0.008017
3-UHAA53,0.0126
7-K0AJ06,0.01008
6-MUAAAA03,0.007091
5-ZMB170D,0.009798
4-UHAA48,0.007017
3-ZMG045B,0.006348
5-ZMG025B,0.009002
12-ZMH040C,0.0
1-ZMG047B,0.009792
9-ZMH037C,0.01178
4-ZMG045C,0.008199
10-ZMH038C,0.01196
13-ZMH043C,0.007565
14-ZMH045C,0.01262
6-ZMG025C,0.005234
2-ZMG047C,0.006288
16-K0AJ31,0.01108
7-ZMG050B,0.2319
8-ZMG058C,0.01373
11-ZMH039C,0.01191
15-ZMH046C,0.006701
19-ZMC116D,0.0
25-UCAA77,0.0
18-QCAC53,0.01315
4-ZMB092D,0.007351
23-MUGAAB39,0.0156
15-ZMB155D,0.0
16-ZMB161D,0.006474
20-ZMC117D,0.006819
10-MUGAAB50,0.009089
13-MUGAAB13,0.01377
8-ZMC113D,0.009642
27-K0AH74,0.01511
6-ZMB154D,0.007719
24-MUAAAA58,0.006047
2-ZMB045D,0.00665
14-K0AH71,0.005848
11-MUGAAA17,0.01954
12-MUAAAA88,0.01261
9-ZMC114D,0.01195
3-ZMB089D,0.007304
26-MUGAAA22,0.0
21-ZMC125D,0.01244
5-ZMB214D,0.007797
1-ZMB035D,0.008563
22-MUGAAB21,0.007653
17-ZMB163D,0.01367
7-UCAA79,0.01086
25-GWCT,0.1501
26-MECAAA51,0.01218
3-ZMC088B,0.008287
4-QHAA44,0.0
7-MUGAAA72,0.0
11-YHAA03,0.01522
9-MPAA15,0.01511
2-ZMB208C,0.0
1-ZMB208B,0.009008
5-UHAA21,0.007252
6-MUGAAA20,0.01207
8-MUGAAB67,0.008349
10-YHAA02,0.005681
1-ZTKL05C,0.01296
4-MUGAAC18,0.005268
8-ZNAB16B,0.01004
1-MDBAAA28,0.01105
2-MDGAAF06,0.01056
5-MUGAAC19,0.01
6-MDBAAA31,0.01516
7-ZNAB15B,0.01322
3-MDGAAF07,0.01066
4-ZMB115D,0.00715
13-ZMC120A,0.01033
3-ZMB115C,0.01345
14-ZMC120D,0.009222
7-ZMB130D,0.01189
9-ZMC077C,0.03672
8-ZMC077B,0.01082
12-ZMC111D,0.008536
5-ZMB130B,0.0107
6-ZMB130C,0.009406
15-ZMC122A,0.01831
16-GWCT2,0.1508
2-ZMB041C,0.01855
1-ZMB041B,0.01279
11-ZMC111C,0.007952
10-ZMC111A,0.005566
4-ZTKL07C,0.009878
2-MDBAAA20,0.2671
6-ZMB006B,0.01298
10-ZMB061A,0.1375
11-ZMB061B,0.01712
3-MYBAAA01,0.01229
8-ZMB019B,0.01368
9-ZMB019C,0.0
7-ZMB019A,0.01016
1-MDBAAA16,0.2078
5-ZMB006A,0.01822
3-GW68CT03,0.06696
2-MEBAAA23,0.06029
2-GW15CT03,0.01927
7-ZMG167C,0.006065
1-GWCT,0.1524
4-ZMG164B,0.009713
4-MEAAAA37,0.0
1-GW01CT03,0.05614
5-ZMG164C,0.007042
3-GWCT,0.154
5-MECAAA47,0.79
6-MEGAAA23,0.555
6-ZMG167A,0.008475
28-MEBAAA18,0.01168
31-MECAAA42,0.01041
32-MDGAAE11,0.01502
35-MQGAAD08,0.01238
27-GWCT,0.1545
34-MDGAAE36,0.01319
30-MEBAAA20,0.007696
29-MEBAAA19,0.01062
33-MDGAAE17,0.01155
32-K0AJ40,0.007513
14-ZMG064D,0.01027
9-ZMG070C,0.01364
5-ZMG096D,0.00736
19-ZMH006C,0.008893
25-ZMH019C,0.009194
20-ZMH008C,0.2805
29-ZMH030C,0.006024
11-ZMG066C,0.01083
23-ZMH015C,0.005855
26-ZMH021C,0.01036
27-ZMH027C,0.009546
6-ZMG082B,0.01372
7-ZMG082C,0.009295
24-ZMH017C,0.01085
28-ZMH029B,0.01388
18-ZMH003C,0.009095
10-ZMG066B,0.01135
8-ZMG070B,0.009673
31-ZMH034C,0.01172
21-ZMH013C,0.006714
1-ZMG109B,0.01298
12-ZMG064B,0.0
2-ZMG109C,0.006244
16-ZMG060C,0.0121
17-ZMG060D,0.01073
15-ZMG060B,0.005708
22-ZMH014C,0.01357
3-ZMG096B,0.00448
30-ZMH031C,0.01685
13-ZMG064C,0.01385
4-ZMG096C1,0.008365
44-MUDAAA05,0.0064
50-MEBAAA17,0.01047
48-GWCT,0.1562
49-MEBAAA16,0.01141
47-MUCAAA46,0.006622
45-MQCAAB33,0.01186
46-MDCAAA69,0.01447
1-MQDAAA04,0.008246
13-MUAAAB39,0.01208
10-UCAA75,0.01226
15-QHAB57,0.01183
7-MUGAAA40,0.01509
14-QCAB85,0.06381
5-UCAA76,0.01203
2-MUDAAA01,0.01003
8-QHAA04,0.01421
12-MUAAAA40,0.01147
6-QCAA08,0.01345
3-ZMC122C,0.00818
16-QHAB13,0.0105
9-QCAC24,0.006926
11-UCAB28,0.01484
4-QCAC76,0.01565
11-ZMC042B,0.005611
7-ZMB183D,0.005075
9-ZMC001C,0.01297
16-K0AH84,0.01066
4-ZMB210C,0.01219
3-ZMB208D,0.009401
14-MUGAAA96,0.01302
5-ZMB125D,0.006145
6-ZMB164C,0.01093
8-ZMB009B,0.05307
13-UHAA45,0.01173
2-ZMB095D,0.009973
12-MUGAAA03,0.006822
10-ZMC036B,0.006113
15-UHAA26,0.00667
1-ZMB088C,0.006236
2-GW15CT09,0.03978
3-GW68CT09,0.05887
1-GW01CT09,0.02982
9-MQCAAB34,0.009656
11-QHAA42,0.0115
2-ZTKL22B,0.01408
6-ZNAB14B,0.009198
4-ZNAB12C,0.01576
7-MDGAAE10,0.008152
8-MDGAAE16,0.005324
3-ZNAB11C,0.01198
1-ZTKL25A,0.01552
5-ZNAB13B,0.01445
10-MQAAAC33,0.0
19-MDGAAE45,0.01561
14-MDGAAE35,0.0
20-MDGAAE46,0.005946
31-QCAC19,0.0112
28-MDGAAE63,0.01026
11-MDGAAE31,0.006295
5-MDAAAC31,0.0
16-MDGAAE40,0.01247
54-MEBAAA22,0.125
2-HMDAAA10,0.4176
23-MDGAAE54,0.007517
7-MDAAAC41,0.009501
9-MDDAAA21,0.2066
3-MDAAAC21,0.01267
22-MDGAAE50,0.009816
24-MDGAAE55,0.01105
52-GWCT,0.1486
53-MEBAAA21,0.0
30-MDGAAE70,0.01037
1-GWCT06,0.1629
15-MDGAAE38,0.007795
55-MECAAA44,0.01405
29-MDGAAE68,0.05545
18-MDGAAE44,0.005891
21-MDGAAE49,0.01029
10-MDGAAE29,0.00914
4-MDAAAC22,0.01922
27-MDGAAE61,0.008843
1-HMAAAA58,0.005306
8-MDCAAA70,0.01365
26-MDGAAE60,0.4586
32-QCAF21,0.01076
17-MDGAAE41,0.01196
12-MDGAAE32,0.008392
13-MDGAAE33,0.01446
6-MDAAAC40,0.3229
25-MDGAAE59,0.008778
16-K0AH32,0.009428
9-ZMC079D,0.007402
1-ZMB123D,0.00687
4-ZMB134D,0.009117
7-ZMB146D,0.01164
10-ZMC082C,0.005578
8-ZMB149D,0.01186
13-UHAA20,0.0
15-MUAAAA20,0.008787
14-MUAAAB19,0.007829
6-ZMB139D,0.009402
2-ZMB124D,0.008071
5-ZMB138D,0.00965
12-MUGAAA45,0.01387
3-ZMB133D,0.006943
11-ZMC086D,0.006698
1-GW49CT09,0.0117
2-GW44CT09,0.006726
1-GW64CT09,0.009919
2-GW42CT09,0.01895
211-GWCT,0.1549
210-MEBAAA12,0.05831
20-ZMB054C,0.01058
8-ZMB009B,0.05323
22-ZMB086C,0.01095
19-ZMB053C,0.01133
3-ZMB208D,0.01051
9-ZMC002D,0.008654
15-UCAA32,0.005066
10-ZMC036B,0.005392
15-UHAA26,0.008231
10-ZMC044B,0.005687
2-ZMB095D,0.0118
1-ZMB007D,0.006342
18-ZMB051C,0.006103
11-ZMC009D,0.005913
13-MUGAAA69,0.01049
24-ZMB207B,0.005386
16-K0AH84,0.01009
11-ZMC042B,0.006457
5-ZMB125D,0.0102
10-ZMC005D,0.01476
32-K0AI02,0.0061
31-MUGAAA66,0.01156
16-K0AH91,0.008974
9-ZMC043B,0.0058
21-ZMB070C,0.01087
8-ZMB047D,0.01455
13-HAAA43,0.006427
11-ZMC054B,0.009427
8-ZMB084B,0.01931
6-ZMB040D,0.007363
25-ZMC045B,0.005653
26-ZMC070B,0.00929
1-ZMB030B,0.01167
4-ZMB014D,0.01207
12-QCAA44,0.01459
3-ZMB013D,0.009096
2-ZMB012D,0.01358
12-QHAB58,0.01031
3-ZMB056B,0.01486
12-MUGAAA03,0.006021
15-QHAB36,0.01
14-MUGAAA28,0.006512
4-ZMB060B,0.01096
9-ZMC001C,0.01065
7-ZMB083B,0.01155
28-MUGAAA08,0.006881
23-ZMB099B,0.004597
7-ZMB042D,0.01367
27-ZMC101D,0.01156
17-ZMB048D,0.009454
4-ZMB210C,0.0125
2-ZMB043B,0.0147
14-UCAA60,0.01698
6-ZMB164C,0.006287
6-ZMB069B,0.006036
5-ZMB063B,0.008245
16-K0AH90,0.00849
29-MUGAAB07,0.0117
13-UHAA45,0.01386
1-ZMB088C,0.005934
14-MUGAAA96,0.01316
7-ZMB183D,0.005365
5-QHAA20,0.01182
22-ZMH061C,0.004783
13-ZMH043C,0.008649
5-ZMG025B,0.009318
16-K0AJ31,0.0124
10-ZMH038C,0.0126
1-ZMG047B,0.007609
15-ZMH058B,0.01362
9-MLAA65,0.006279
13-ZMH044B,0.01086
6-UCAA18,0.01387
18-ZMH049C,0.009957
4-ZMG045C,0.008761
1-ZMG055C,0.01153
3-ZMG098C,0.3298
12-ZMH040C,0.006338
11-ZMH039C,0.01065
2-ZMG062B,0.01392
14-ZMH045C,0.01193
3-ZMG045B,0.01143
23-K0AI93,0.01135
19-ZMH052C,0.01183
4-ZMG142B,0.01045
12-ZMH041D,0.02553
16-ZMH058C,0.01078
7-ZMG050B,0.2321
14-ZMH051B,0.07198
8-UCAA35,0.008461
20-ZMH057C,0.01378
6-ZMG025C,0.005789
7-UCAA28,0.01078
2-ZMG047C,0.005511
9-ZMH037C,0.007056
15-ZMH046C,0.005122
17-ZMH048C,0.0156
21-ZMH059C,0.01173
8-ZMG058C,0.009974
11-ZMH041B,0.009964
4-ZMG164B,0.009133
5-ZMG164C,0.008265
7-ZMG167C,0.006631
6-ZMG167A,0.008952
17-ZMB058D,0.007635
28-MUGAAA90,0.008065
1-ZMB001D,0.01589
30-MUGAAA91,0.009987
2-ZMB017D,0.01083
12-MUGAAA15,0.01187
7-ZMH032B,0.004449
24-ZMB104D,0.005631
25-ZMC038D,0.01077
14-MUGAAA75,0.005511
8-ZMB055D,0.006061
5-ZMB034D,0.006272
9-ZMC016C,0.008455
2-ZMG131D,0.01193
16-K0AI03,0.0117
21-ZMB080D,0.00734
18-ZMB068D,0.009964
4-ZMB033D,0.01421
4-ZMG138C,0.005935
20-ZMB076D,0.008044
22-ZMB201C,0.01123
27-ZMC119B,0.004692
10-ZMC021C,0.01244
3-ZMG138B,0.01249
15-MUGAAA76,0.01509
26-ZMC107D,0.00898
29-MUGAAB19,0.01046
5-ZMG138D,0.008568
1-ZMG131C,0.008918
6-ZMH023B,0.05969
31-MUAAAA78,0.006234
6-ZMB044C,0.01305
32-K0AI11,0.01224
13-MUGAAA77,0.006037
11-ZMC035C,0.009765
8-K0AJ49,0.008814
7-ZMB052D,0.01561
23-ZMB102D,0.01148
7-MUGAAA72,0.008563
1-ZMB208B,0.01065
9-MPAA15,0.01527
11-YHAA03,0.01207
4-QHAA44,0.01334
3-ZMC088B,0.01452
10-YHAA02,0.01029
8-MUGAAB67,0.01143
2-ZMB208C,0.005376
6-MUGAAA20,0.01107
5-UHAA21,0.01055
62-ZMB170NB,0.006482
12-ZMB104NB,0.005859
11-ZMB009NB,0.05662
58-ZMB049NB,0.01455
28-ZMB034NB,0.008466
64-ZMH058NB,0.01079
43-ZMB123NB,0.008517
76-ZMB201NB,0.005334
30-ZMC050NB,0.01746
59-ZMH031NB,0.01288
90-ZMB083NB,0.1203
47-ZMG049NB,0.02768
59-ZMC116NB,0.05411
60-ZMB155NB,0.009747
89-ZMB082NB,0.015
25-ZMB017NB,0.009137
11-ZMB095NB,0.01411
76-ZMB076NB,0.01501
26-ZMB030NB,0.01419
45-ZMC123NB,0.006675
57-ZMB048NB,0.01059
9-ZMB089NB,0.01185
43-ZMH035NB,0.1376
63-ZMG125NB,0.004549
31-ZMC070NB,0.006158
27-ZMB146NB,0.009904
93-ZMC107NB,0.004467
30-ZMC119NB,0.01101
58-ZMH023NB,0.166
72-ZMB068NB,0.01168
56-ZMH026NB,0.005282
13-ZMB110NB,0.02149
75-ZMG082NB,0.01188
16-ZMG045NB,0.01019
78-ZMC101NB,0.008538
41-ZMB117NB,0.009093
43-ZMB040NB,0.01615
58-ZMB060NB,0.008683
29-ZMC117NB,0.1233
41-ZMB036NB,0.006719
61-ZMH038NB,0.1899
79-ZMG126NB,0.01508
59-ZMB051NB,0.009617
32-ZMG047NB,0.009617
15-ZMC114NB,0.08131
56-ZMB044NB,0.03098
31-ZMG131NB,0.008949
13-ZMB013NB,0.01
62-ZMC080NB,0.009124
14-ZMB014NB,0.0116
77-ZMB203NB,0.01109
48-ZMG142NB,0.0058
73-ZMB062NB,0.006795
12-ZMB012NB,0.009587
74-ZMB080NB,0.009105
10-ZMB003NB,0.01046
28-ZMB154NB,0.0
57-ZMH013NB,0.06781
95-ZMG064NB,0.01353
44-ZMB124NB,0.006227
74-ZMB070NB,0.01024
93-ZMB210NB,0.01205
92-ZMB208NB,0.006958
57-ZMB002NB,0.01209
90-ZMB125NB,0.0115
88-ZMB077NB,0.009982
61-ZMB054NB,0.008966
63-ZMH051NB,0.1317
54-ZMG098NB,0.0
46-ZMC125NB,0.01122
15-ZMC045NB,0.008533
14-ZMC113NB,0.01225
42-ZMB037NB,0.006383
25-ZMB134NB,0.01252
92-ZMB088NB,0.01096
77-ZMC086NB,0.01327
47-ZMG062NB,0.01207
9-ZMB001NB,0.01129
94-ZMG060NB,0.01306
26-ZMB144NB,0.01004
60-ZMB053NB,0.0
27-ZMB033NB,0.006745
73-ZMB069NB,0.005528
75-ZMB072NB,0.00855
32-ZMG050NB,0.1611
44-ZMB042NB,0.01085
16-ZMG128NB,0.01057
46-ZMC075NB,0.01087
55-ZMH009NB,0.2138
91-ZMB084NB,0.007992
78-ZMB207NB,0.0
62-ZMH046NB,0.1817
61-ZMB161NB,0.0
91-ZMG109NB,0.01236
10-ZMB092NB,0.008384
89-ZMB099NB,0.008579
60-ZMH032NB,0.04386
45-ZMB043NB,0.01018
42-ZMB118NB,0.004674
29-ZMB035NB,0.006458
30-ZMH031C,0.01505
19-ZMH006C,0.007983
23-ZMH015C,0.007947
1-ZMG109B,0.01291
6-ZMB154D,0.01004
17-ZMG060D,0.01025
21-ZMC125D,0.01174
16-ZMB161D,0.006426
15-ZMB155D,0.00928
18-QCAC53,0.01011
9-ZMC114D,0.01218
10-MUGAAB50,0.00854
3-ZMB089D,0.008979
31-ZMH034C,0.01156
15-ZMG060B,0.00774
32-K0AJ40,0.01243
8-ZMC113D,0.01023
26-MUGAAA22,0.006671
25-ZMH019C,0.009145
29-ZMH030C,0.006143
4-ZMG096C1,0.008288
21-ZMH013C,0.006054
7-UCAA79,0.009745
2-ZMB045D,0.01125
4-ZMB092D,0.007927
23-MUGAAB39,0.01833
22-ZMH014C,0.01396
11-ZMG066C,0.0119
5-ZMB214D,0.00698
26-ZMH021C,0.007356
28-ZMH029B,0.01278
17-ZMB163D,0.01601
25-UCAA77,0.005853
10-ZMG066B,0.01428
9-ZMG070C,0.009194
3-ZMG096B,0.00557
12-MUAAAA88,0.01263
7-ZMG082C,0.0109
13-ZMG064C,0.0153
2-ZMG109C,0.007487
6-ZMG082B,0.01416
1-ZMB035D,0.007171
8-ZMG070B,0.00841
24-ZMH017C,0.01043
20-ZMH008C,0.28
22-MUGAAB21,0.006643
20-ZMC117D,0.005935
27-ZMH027C,0.009669
5-ZMG096D,0.007345
18-ZMH003C,0.005602
27-K0AH74,0.01423
14-ZMG064D,0.01044
14-K0AH71,0.005274
13-MUGAAB13,0.01259
24-MUAAAA58,0.00647
11-MUGAAA17,0.01754
16-ZMG060C,0.01243
6-ZMG162A,0.01009
9-ZMG175A,0.01381
8-ZMG162C,0.008365
4-ZMG134C,0.005901
2-ZMG114D,0.009784
5-ZMG134D,0.008784
3-ZMG134A,0.004687
7-ZMG162B,0.0
1-ZMG114C,0.01013
11-ZMG175C,0.009792
10-ZMG175B,0.00998
3-ZMG138C,0.007503
2-ZMG096C2,0.00907
12-MUGAAA45,0.01624
29-ZMH032C,0.009099
25-ZMH012B,0.01035
27-ZMH026B,0.01367
12-MUAAAA76,0.01489
2-ZMB124D,0.01165
17-ZMG111B,0.01105
5-ZMB110D,0.01335
1-ZMB038C,0.009738
28-ZMH026C,0.01594
8-ZMB149D,0.008068
3-ZMB133D,0.009937
32-K0AI58,0.01337
20-ZMG125D,0.009225
3-ZMB203D,0.008261
7-ZMB146D,0.00994
5-ZMB138D,0.007801
11-ZMC075C,0.01241
13-MUAAAB07,0.01279
30-ZMH035B,0.006094
15-MUAAAA20,0.01074
11-ZMC086D,0.008045
15-MUGAAB15,0.008878
18-ZMG111C,0.008089
14-MUAAAA49,0.009691
2-ZMB077D,0.01009
16-K0AH32,0.009414
9-ZMC079D,0.008816
1-ZMB123D,0.009477
6-ZMB116D,0.005095
23-ZMG128C,0.01419
4-ZMB215D,0.005673
6-ZMB139D,0.008059
10-ZMC057C,0.01391
24-ZMG128D,0.01286
10-ZMC082C,0.006413
14-MUAAAB19,0.008418
9-ZMC050C,0.008365
31-ZMH035D,0.07577
22-ZMG126D,0.0
4-ZMB134D,0.0
7-ZMB117D,0.005902
21-ZMG126C,0.007141
26-ZMH012C,0.007039
2-MPAA23,0.008667
6-MUAAAA03,0.007463
7-K0AJ06,0.009258
1-ZMG131E,0.01066
3-UHAA53,0.01077
5-ZMB170D,0.0112
4-UHAA48,0.006275
14-UCAA80,0.01095
17-MDCAAA37,0.01013
2-ZMB003D,0.006024
1-ZMB002C,0.0
6-ZMB059D,0.004637
7-ZMB062D,0.01026
16-K0AH92,0.01787
5-ZMB037B,0.006836
15-UCAB23,0.0104
10-ZMC123D,0.009597
9-ZMC088C,0.01025
11-ZMC301I,0.006148
8-ZMB082B,0.009263
12-QCAB38,0.008144
4-ZMB036C,0.008881
5-ZMG138C,0.00766
1-ZMC088C,0.008715
6-UHAA48,0.01163
4-ZMG096C,0.006294
3-ZMB009B,0.05291
2-ZMB208D,0.01297
5-ZK0AAAK49NB,0.008928
70-ZK0AAAI08NB,0.008276
83-ZK0AAAH57NB,0.01122
22-ZK0AAAG35NB,0.007954
24-ZK0AAAL64NB,0.005241
50-ZK0AAAK22NB,0.00992
20-ZK0AAAI84NB,0.009326
54-ZK0AAAH94NB,0.01077
19-ZK0AAAK36NB,0.009237
53-ZK0AAAI52NB,0.0121
4-ZK0AAAJ05NB,0.007254
17-ZK0AAAI38NB,0.009604
24-ZK0AAAK10NB,0.009086
18-ZK0AAAH71NB,0.01009
34-ZK0AAAI45NB,0.01037
53-ZK0AAAK75NB,0.005524
27-ZK0AAAL67NB,0.004164
1-ZK0AAAL43NB,0.007157
2-ZK0AAAI73NB,0.003877
18-ZK0AAAK54NB,0.01275
38-ZK0AAAK65NB,0.01038
14-ZK0AAAC52NB,0.01348
71-ZK0AAAI62NB,0.009664
7-ZK0AAAH68NB,0.01215
6-ZK0AAAH67NB,0.01103
8-ZK0AAAK02NB,0.0
72-ZK0AAAI63NB,0.01176
36-ZK0AAAI96NB,0.01144
35-ZK0CAAD73NB,0.01074
35-ZK0AAAH81NB,0.008912
85-ZK0AAAI15NB,0.00972
15-ZK0AAAB60NB,0.0
49-ZK0AAAI48NB,0.006607
55-ZK0AAAK77NB,0.01276
8-ZK0AAAL51NB,0.004777
38-ZK0AAAI98NB,0.005079
2-ZK0AAAI27NB,0.007329
1-ZK0DAAA29NB,0.007748
6-ZK0AAAK31NB,0.006546
17-ZK0AAAL57NB,0.005144
55-ZK0AAAI54NB,0.009893
19-ZK0AAAI83NB,0.0
4-ZK0AAAI76NB,0.006925
4-ZK0AAAI23NB,0.0111
11-ZK0AAAL55NB,0.01049
4-ZK0AAAF67NB,0.0118
52-ZK0AAAK74NB,0.01196
86-ZK0AAAI16NB,0.005335
33-ZK0AAAH79NB,0.01056
20-ZK0AAAK06NB,0.004782
34-ZK0AAAK61NB,0.01033
37-ZK0AAAJ09NB,0.008342
82-ZK0AAAH56NB,0.01096
83-ZK0AAAI13NB,0.01019
37-ZK0AAAK15NB,0.006153
13-ZK0AAAB61NB,0.0
53-ZK0AAAK25NB,0.01401
88-ZK0AAAI18NB,0.01358
18-ZK0AAAK04NB,0.007198
48-ZK0AAAH62NB,0.007895
81-ZK0AAAI64NB,0.01055
12-ZK0AAAL56NB,0.008942
17-ZK0AAAG28NB,0.01305
2-ZK0AAAL44NB,0.004509
2-ZK0AAAF65NB,0.005696
21-ZK0AAAH74NB,0.008605
22-ZK0AAAH75NB,0.01254
1-ZK0AAAB67NB,0.01161
52-ZK0AAAH91NB,0.01185
50-ZK0AAAI49NB,0.007519
64-ZK0AAAH46NB,0.011
54-ZK0AAAI53NB,0.00672
3-ZK0AAAI25NB,0.01211
9-ZK0AAAL53NB,0.008992
6-ZK0AAAK50NB,0.004667
39-ZK0AAAK66NB,0.0
85-ZK0AAAH59NB,0.007609
35-ZK0AAAI44NB,0.01507
33-ZK0AAAI46NB,0.005311
70-ZK0AAAI61NB,0.006839
26-ZK0AAAL66NB,0.0
4-ZK0AAAK29NB,0.005518
33-ZK0AAAK60NB,0.009626
9-ZK0DAAE49NB,0.08092
24-ZK0AAAI30NB,0.005177
54-ZK0AAAH44NB,0.005843
25-ZK0AAAL65NB,0.01009
71-ZK0AAAI09NB,0.004813
55-ZK0AAAH95NB,0.01103
21-ZK0AAAI85NB,0.0
51-ZK0AAAK23NB,0.008615
84-ZK0AAAI14NB,0.01082
8-ZK0AAAI80NB,0.009952
17-ZK0AAAK53NB,0.01091
34-ZK0AAAH80NB,0.01333
34-ZK0CAAD72NB,0.008028
8-ZK0AAAI19NB,0.0
23-ZK0AAAG36NB,0.005974
3-ZK0AAAK47NB,0.01148
22-ZK0AAAI86NB,0.00567
18-ZK0AAAK35NB,0.00684
39-ZK0AAAI99NB,0.0111
20-ZK0AAAH73NB,0.0
52-ZK0AAAI51NB,0.01023
6-ZK0AAAJ07NB,0.00804
23-ZK0AAAI88NB,0.01117
19-ZK0AAAH72NB,0.01092
5-ZK0AAAJ06NB,0.008397
17-ZK0DAAA38NB,0.00828
40-ZK0AAAJ13NB,0.005642
80-ZK0AAAH54NB,0.0136
50-ZK0AAAH89NB,0.01012
37-ZK0AAAI97NB,0.01417
17-ZK0AAAK34NB,0.0
35-ZK0AAAK13NB,0.00606
16-ZK0DAAA43NB,0.009828
36-ZK0AAAJ08NB,0.004641
3-ZK0AAAF66NB,0.0104
36-ZK0AAAK14NB,0.01233
87-ZK0AAAI70NB,0.00906
82-ZK0AAAI12NB,0.01023
23-ZK0AAAH76NB,0.006367
52-ZK0AAAK24NB,0.004462
19-ZK0AAAK05NB,0.01159
49-ZK0AAAK70NB,0.01181
40-ZK0AAAH87NB,0.01167
18-ZK0AAAI82NB,0.005994
65-ZK0AAAH47NB,0.01067
88-ZK0AAAI71NB,0.01026
67-ZK0AAAH49NB,0.00696
7-ZK0AAAF88NB,0.01171
53-ZK0AAAH93NB,0.009084
5-ZK0AAAI22NB,0.003859
10-ZK0AAAL54NB,0.006779
5-ZK0AAAI77NB,0.01284
21-ZK0AAAK07NB,0.006819
3-ZK0AAAL46NB,0.009374
87-ZK0AAAI17NB,0.005465
45-ZK0AAAK83NB,0.005583
3-ZK0AAAI74NB,0.009616
70-ZK0AAAH52NB,0.01242
19-ZK0AAAG30NB,0.01099
35-ZK0AAAK62NB,0.00662
16-ZK0AAAK52NB,0.009414
48-ZK0AAAK69NB,0.008654
52-ZK0AAAH42NB,0.005341
49-ZK0AAAH88NB,0.01324
20-ZK0AAAG31NB,0.008467
2-ZK0AAAK46NB,0.0105
6-ZK0AAAL49NB,0.008216
49-ZK0AAAH39NB,0.01122
20-ZK0AAAK57NB,0.01162
66-ZK0AAAH48NB,0.006085
5-ZK0AAAF80NB,0.01022
4-ZK0AAAH65NB,0.0072
18-ZK0AAAL58NB,0.01078
69-ZK0AAAI60NB,0.009725
67-ZK0AAAH99NB,0.006329
69-ZK0AAAI07NB,0.151
33-ZK0AAAK11NB,0.009652
7-ZK0AAAK51NB,0.01261
3-ZK0AAAJ04NB,0.0
1-ZK0AAAK26NB,0.01048
71-ZK0AAAH53NB,0.01021
81-ZK0AAAH55NB,0.005235
24-ZK0AAAG38NB,0.006378
86-ZK0AAAH60NB,0.009367
36-ZK0AAAH82NB,0.009064
56-ZK0AAAH96NB,0.008896
1-ZK0AAAI29NB,0.006704
2-ZK0AAAK27NB,0.03545
3-ZK0AAAK28NB,0.007967
35-ZK0AAAI95NB,0.01173
39-ZK0AAAJ12NB,0.00621
17-ZK0AAAI81NB,0.009664
65-ZK0AAAH97NB,0.005822
22-ZK0AAAI32NB,0.01268
21-ZK0AAAI33NB,0.0
2-ZK0AAAH63NB,0.01282
39-ZK0AAAH86NB,0.00575
38-ZK0AAAI41NB,0.007689
43-ZK0AAAK81NB,0.01265
33-ZK0AAAL69NB,0.01106
40-ZK0AAAK78NB,0.01012
72-ZK0AAAI10NB,0.01145
7-ZK0AAAI79NB,0.006398
23-ZK0AAAK09NB,0.007056
40-ZK0AAAK20NB,0.004917
18-ZK0AAAI37NB,0.01358
23-ZK0AAAL63NB,0.008545
51-ZK0AAAK73NB,0.01054
84-ZK0AAAH58NB,0.006774
37-ZK0AAAI42NB,0.0
6-ZK0AAAI21NB,0.0
35-ZK0AAAL74NB,0.008155
36-ZK0AAAL75NB,0.009839
20-ZK0AAAL60NB,0.0
81-ZK0AAAI11NB,0.005142
8-ZK0AAAG26NB,0.0039
55-ZK0AAAH45NB,0.01171
36-ZK0AAAK63NB,0.007633
87-ZK0AAAH61NB,0.00794
68-ZK0AAAI59NB,0.006528
4-ZK0AAAL47NB,0.007777
33-ZK0AAAI90NB,0.0
83-ZK0AAAI66NB,0.009334
5-ZK0AAAL48NB,0.005237
1-ZK0AAAK45NB,0.01135
40-ZK0AAAJ01NB,0.01184
66-ZK0AAAH98NB,0.007507
51-ZK0AAAH41NB,0.0
3-ZK0AAAH64NB,0.01335
69-ZK0AAAH51NB,0.00525
86-ZK0AAAI69NB,0.00943
8-ZK0AAAH69NB,0.005254
1-ZK0AAAJ02NB,0.0109
38-ZK0AAAJ11NB,0.01093
23-ZK0AAAI31NB,0.01016
19-ZK0AAAL59NB,0.009603
39-ZK0AAAK18NB,0.01171
34-ZK0AAAI94NB,0.01223
1-ZK0AAAI72NB,0.004954
7-ZK0AAAL50NB,0.008136
5-ZK0AAAH66NB,0.01314
37-ZK0AAAK64NB,0.006413
33-ZK0AAAG41NB,0.01397
34-ZK0AAAL72NB,0.004303
18-ZK0AAAG29NB,0.01282
49-ZK0AAAK21NB,0.006157
37-ZK0AAAH83NB,0.009387
24-ZK0AAAI89NB,0.01179
38-ZK0AAAK16NB,0.007588
20-ZK0AAAK37NB,0.01003
21-ZK0AAAK38NB,0.01153
6-ZK0AAAI78NB,0.01159
68-ZK0AAAH50NB,0.005633
21-ZK0AAAK58NB,0.01109
24-ZK0AAAH77NB,0.007012
5-ZK0AAAK30NB,0.0
56-ZK0AAAI55NB,0.01057
22-ZK0AAAK08NB,0.006817
67-ZK0AAAI58NB,0.01195
68-ZK0AAAI01NB,0.004571
66-ZK0AAAI57NB,0.01135
37-ZK0AAAL76NB,0.01105
17-ZK0AAAH70NB,0.01167
40-ZK0AAAI39NB,0.01092
22-ZK0AAAL62NB,0.009931
39-ZK0AAAI40NB,0.005077
50-ZK0AAAH40NB,0.0105
39-ZK0AAAL87NB,0.008035
19-ZK0AAAK56NB,0.0
2-ZK0AAAJ03NB,0.01161
82-ZK0AAAI65NB,0.01169
38-ZK0AAAL77NB,0.009352
42-ZK0AAAK80NB,0.004411
85-ZK0AAAI68NB,0.01231
28-ZK0AAAL68NB,0.004494
84-ZK0AAAI67NB,0.01005
41-ZK0AAAK79NB,0.009926
1-ZK0AAAF64NB,0.005006
54-ZK0AAAK76NB,0.00882
38-ZK0AAAH85NB,0.0106
65-ZK0AAAI56NB,0.008914
19-ZK0AAAI35NB,0.01174
51-ZK0AAAH90NB,0.004056
7-ZK0AAAI20NB,0.009358
22-ZK0AAAK39NB,0.01366
36-ZK0AAAI43NB,0.007079
1-ZK0AAAI47NB,0.0
21-ZK0AAAL61NB,0.01077
20-ZK0AAAI34NB,0.0111
4-ZK0AAAK48NB,0.01423
24-ZK0AAAK41NB,0.006812
